order_item_id,order_id,product_id,quantity,discount_percent
1,1,581,3,52.53
2,2,151,1,73.62
3,2,97,4,35.08
4,3,264,-4,35.26
5,3,680,3,77.45
6,3,499,5,26.99
7,3,260,5,2.07
8,3,374,4,65.94
9,4,366,1,74.1
10,4,510,4,74.44
11,5,387,1,87.71
12,5,655,5,44.93
13,6,180,4,94.53
14,6,272,3,4.11
15,6,696,5,83.42
16,6,358,1,45.5
17,6,340,3,96.95
18,7,151,5,62.38
19,7,478,2,28.83
20,7,698,-3,4.1
21,7,154,3,12.34
22,8,314,1,13.77
23,8,6,3,50.2
24,8,441,5,8.6
25,8,361,3,73.31
26,9,600,1,35.46
27,9,83,4,96.69
28,9,298,1,92.02
29,9,225,5,56.39
30,10,593,2,41.63
31,10,143,2,8.56
32,10,700,5,46.12
33,11,385,1,44.19
34,11,448,3,68.52
35,12,480,4,41.03
36,12,363,1,2.64
37,12,438,4,14.06
38,13,249,3,54.33
39,13,595,5,5.35
40,13,525,4,67.01
41,14,531,1,98.62
42,14,472,1,9.74
43,14,56,3,69.06
44,14,87,1,58.46
45,15,55,4,89.51
46,15,210,2,31.09
47,15,529,1,62.37
48,15,148,2,0.0
49,15,576,5,51.98
50,16,210,-4,50.58
51,16,107,4,12.18
52,17,496,3,68.13
53,17,189,5,14.62
54,17,241,1,81.86
55,17,560,2,74.17
56,18,206,1,49.3
57,18,488,3,69.77
58,18,492,1,81.35
59,18,297,-2,45.71
60,18,684,5,58.05
61,19,661,5,90.81
62,20,143,-3,15.83
63,20,480,5,50.32
64,20,470,3,52.51
65,21,65,5,71.52
66,21,179,2,76.26
67,21,672,3,6.82
68,21,156,4,47.18
69,21,361,2,92.74
70,22,266,3,82.99
71,22,133,1,85.2
72,22,332,2,66.53
73,22,603,4,47.64
74,22,595,2,80.86
75,23,108,4,42.01
76,23,179,1,25.05
77,24,75,4,60.65
78,25,179,3,44.95
79,26,653,5,25.25
80,26,588,4,22.55
81,27,445,2,2.42
82,27,542,1,81.0
83,28,369,4,86.45
84,29,190,5,83.24
85,29,699,5,50.09
86,29,658,3,55.87
87,30,69,4,87.4
88,30,450,5,78.24
89,31,104,2,54.05
90,31,121,1,94.06
91,31,511,3,35.79
92,32,295,5,85.32
93,32,77,5,39.92
94,33,560,1,93.69
95,34,669,3,20.05
96,34,31,1,54.71
97,34,34,3,66.33
98,35,242,4,94.8
99,36,37,5,88.75
100,36,355,4,27.05
101,36,73,1,49.66
102,36,427,2,43.15
103,36,613,3,87.64
104,37,22,1,81.14
105,37,57,5,37.94
106,38,566,4,76.57
107,39,441,5,43.8
108,39,438,5,36.77
109,40,352,1,9.2
110,40,448,1,74.75
111,41,582,1,43.86
112,41,47,3,34.97
113,41,16,2,12.97
114,41,256,4,12.24
115,41,59,1,93.84
116,42,507,2,30.27
117,42,366,3,29.27
118,43,540,3,50.34
119,43,274,1,41.08
120,44,498,5,74.19
121,44,287,2,72.49
122,44,81,2,23.51
123,44,209,4,45.38
124,44,141,-1,83.63
125,45,285,3,8.45
126,45,603,3,38.39
127,45,394,1,38.47
128,46,230,2,65.99
129,47,54,3,91.01
130,47,677,3,90.74
131,47,313,5,2.73
132,47,33,5,42.75
133,47,555,1,55.33
134,48,548,5,76.9
135,48,475,3,38.13
136,48,435,2,1.52
137,49,88,3,39.46
138,49,256,5,26.87
139,49,556,3,81.03
140,50,13,3,84.76
141,50,128,4,43.99
142,50,315,4,35.87
143,50,583,5,5.86
144,50,677,1,61.03
145,51,66,3,27.61
146,51,452,4,63.03
147,51,185,2,65.6
148,52,118,1,50.67
149,52,671,4,4.2
150,53,63,-3,84.49
151,53,266,3,4.47
152,54,359,1,11.32
153,54,112,1,32.58
154,55,698,4,14.31
155,55,426,3,36.03
156,55,74,4,37.47
157,56,637,3,93.03
158,56,32,-5,60.9
159,56,165,3,78.09
160,57,596,1,15.01
161,57,353,1,95.86
162,57,221,2,99.78
163,57,388,5,53.9
164,57,597,1,52.78
165,58,622,4,52.03
166,59,276,3,32.87
167,59,200,3,31.48
168,59,590,1,44.5
169,60,371,5,36.23
170,60,82,4,44.9
171,60,361,4,82.78
172,60,574,2,24.49
173,61,691,5,28.69
174,61,599,3,40.85
175,61,682,5,57.6
176,61,142,2,87.64
177,62,171,1,76.55
178,63,104,1,98.99
179,63,130,2,52.93
180,63,35,4,35.44
181,63,442,4,24.14
182,64,122,5,99.41
183,64,345,1,92.07
184,64,606,4,63.08
185,65,297,5,93.66
186,65,489,1,0.78
187,65,138,5,64.94
188,65,188,4,17.67
189,66,287,3,51.77
190,66,100,5,84.41
191,66,238,4,38.41
192,66,305,2,4.19
193,66,506,2,27.83
194,67,322,1,48.66
195,67,102,2,28.85
196,67,356,3,75.35
197,67,292,2,14.1
198,67,170,2,50.87
199,68,29,1,53.98
200,68,613,-2,83.25
201,69,379,2,94.79
202,70,456,3,71.63
203,70,534,1,43.23
204,70,130,3,13.68
205,70,465,3,11.65
206,71,81,3,33.53
207,71,228,4,51.28
208,71,77,1,31.48
209,72,444,1,79.42
210,73,195,1,62.73
211,73,572,2,37.62
212,73,677,2,26.53
213,74,497,4,19.86
214,74,192,1,85.72
215,75,4,1,61.12
216,75,445,2,68.8
217,76,390,3,65.69
218,76,647,2,84.07
219,76,598,3,49.02
220,76,241,4,54.34
221,76,654,3,11.24
222,77,430,2,11.58
223,77,458,4,66.06
224,77,334,3,70.48
225,78,501,1,50.75
226,78,616,4,77.18
227,78,422,3,41.12
228,78,241,4,26.07
229,79,275,4,33.98
230,80,316,4,57.25
231,81,549,1,61.33
232,81,212,3,53.98
233,82,389,1,33.33
234,83,567,1,36.21
235,83,65,2,83.81
236,83,671,4,22.93
237,84,383,4,73.33
238,84,340,1,2.0
239,85,105,2,2.42
240,85,514,2,74.99
241,85,408,4,13.12
242,85,497,3,7.65
243,85,44,5,76.24
244,86,21,2,58.82
245,86,16,4,60.57
246,86,555,3,42.52
247,86,620,1,45.89
248,87,271,5,29.12
249,88,228,4,48.33
250,89,519,4,76.27
251,89,251,1,57.79
252,89,392,1,23.21
253,89,18,3,10.89
254,89,509,3,80.97
255,90,98,5,86.48
256,91,608,4,47.35
257,91,256,5,5.89
258,91,86,4,31.15
259,91,145,3,3.65
260,92,614,5,54.56
261,92,417,3,23.57
262,92,6,4,51.44
263,92,275,1,42.57
264,92,215,1,75.69
265,93,533,2,86.97
266,93,125,1,42.42
267,94,642,4,87.42
268,94,538,4,29.68
269,95,302,3,37.16
270,95,693,2,52.33
271,95,278,2,95.2
272,95,536,3,25.12
273,96,216,5,47.39
274,96,339,3,15.03
275,96,139,1,0.56
276,96,169,2,9.38
277,97,339,4,6.68
278,97,97,5,34.5
279,97,63,1,27.46
280,97,640,4,30.58
281,98,413,2,15.24
282,98,261,2,26.29
283,98,575,1,52.23
284,98,555,4,77.2
285,98,657,5,96.67
286,99,685,2,9.13
287,99,485,5,16.48
288,99,215,1,89.6
289,99,173,1,80.72
290,99,3,4,32.71
291,100,121,4,35.5
292,100,247,5,7.82
293,100,574,5,95.54
294,100,403,3,83.99
295,100,387,5,69.51
296,101,124,3,86.61
297,101,572,4,34.6
298,101,446,4,55.98
299,102,392,2,99.54
300,102,384,2,52.6
301,103,601,3,91.1
302,104,515,3,27.5
303,104,14,4,99.57
304,104,622,3,5.72
305,105,32,4,74.99
306,105,483,5,3.82
307,105,623,1,71.33
308,105,648,2,13.16
309,105,466,4,11.94
310,106,653,5,85.26
311,106,64,5,33.27
312,106,322,3,16.92
313,106,100,5,36.63
314,107,681,4,66.77
315,108,67,2,50.15
316,109,86,1,19.87
317,109,177,5,63.53
318,109,455,1,56.06
319,110,350,4,69.63
320,111,475,1,59.11
321,111,91,1,78.87
322,111,120,2,46.03
323,111,93,2,68.09
324,111,187,2,73.81
325,112,55,2,56.5
326,112,389,4,18.82
327,112,294,2,29.49
328,113,271,5,77.24
329,113,95,5,63.1
330,113,502,2,83.47
331,113,364,4,56.87
332,114,356,2,96.85
333,114,662,5,79.43
334,114,699,1,21.07
335,114,296,2,3.14
336,115,530,2,46.72
337,116,382,5,32.24
338,116,578,1,86.93
339,116,387,1,47.55
340,117,664,3,46.68
341,117,103,2,43.9
342,117,192,5,57.6
343,118,409,3,48.26
344,118,485,4,97.08
345,118,250,2,90.09
346,118,259,5,42.59
347,119,592,1,16.64
348,119,411,3,96.52
349,119,608,5,97.24
350,120,134,3,5.38
351,120,680,1,76.58
352,121,470,-4,14.75
353,121,406,2,8.04
354,121,170,2,43.65
355,122,158,-3,15.93
356,122,569,1,68.68
357,123,484,4,70.62
358,123,685,1,31.84
359,124,410,3,73.04
360,124,335,4,53.41
361,125,501,1,60.85
362,125,686,2,33.99
363,125,601,1,75.17
364,126,662,2,18.8
365,127,310,1,65.4
366,127,446,4,31.11
367,128,36,2,51.73
368,128,268,1,8.26
369,128,432,1,40.45
370,128,184,1,12.87
371,129,394,4,5.45
372,129,466,4,63.41
373,129,12,5,90.82
374,129,498,5,47.35
375,129,670,3,97.18
376,130,184,4,38.35
377,131,154,1,93.42
378,132,265,4,28.17
379,132,203,1,46.03
380,132,528,1,68.64
381,132,630,3,67.5
382,132,466,1,17.87
383,133,428,3,3.56
384,133,18,1,3.66
385,133,458,4,8.4
386,134,130,2,43.11
387,135,354,2,90.36
388,135,470,5,4.06
389,135,633,3,14.68
390,136,392,5,7.88
391,137,433,2,25.69
392,137,411,1,43.34
393,137,23,1,57.09
394,138,631,2,4.88
395,138,527,5,76.07
396,138,553,4,68.89
397,139,284,1,90.97
398,139,514,3,40.72
399,140,425,2,46.24
400,141,100,1,22.11
401,141,227,5,71.2
402,141,231,4,63.48
403,142,555,-5,34.06
404,142,399,3,15.18
405,142,488,4,69.77
406,143,262,5,63.14
407,143,413,5,8.31
408,143,34,5,29.18
409,143,677,3,46.74
410,144,640,2,56.49
411,144,599,4,2.34
412,145,570,4,13.17
413,145,503,5,12.35
414,145,241,4,99.21
415,146,297,4,21.78
416,146,183,5,77.05
417,146,163,1,68.68
418,146,411,3,53.25
419,146,564,2,49.48
420,147,294,4,53.27
421,147,461,3,65.62
422,147,161,1,65.31
423,147,182,4,63.64
424,148,230,1,73.21
425,148,142,1,24.99
426,148,625,5,68.44
427,148,635,-3,60.13
428,148,516,4,86.34
429,149,469,2,93.71
430,149,378,2,29.3
431,150,212,5,24.5
432,151,455,1,83.79
433,151,248,2,72.2
434,151,182,-1,3.23
435,151,473,4,99.55
436,151,513,4,41.71
437,152,551,5,43.85
438,152,124,1,39.84
439,152,622,1,71.66
440,153,645,1,26.25
441,153,666,5,11.18
442,153,451,2,65.65
443,153,439,2,79.56
444,153,128,2,33.0
445,154,470,4,75.7
446,155,303,4,56.82
447,155,456,5,14.0
448,155,339,5,22.1
449,156,578,3,15.83
450,156,372,3,43.99
451,156,299,3,80.52
452,157,151,3,25.73
453,157,623,-2,21.17
454,158,152,3,50.86
455,158,599,5,61.85
456,158,13,2,64.39
457,159,514,4,87.08
458,159,322,4,89.71
459,159,536,1,6.48
460,159,384,2,22.43
461,159,388,3,72.88
462,160,666,2,45.93
463,161,537,2,36.36
464,162,409,1,50.74
465,163,567,1,5.6
466,163,548,5,24.47
467,163,551,2,65.08
468,164,234,2,60.91
469,164,468,5,74.31
470,165,136,5,20.77
471,166,600,4,53.69
472,166,596,1,63.39
473,167,490,4,19.74
474,167,120,5,59.83
475,168,583,4,11.15
476,168,10,4,19.48
477,168,596,5,99.22
478,169,417,4,32.86
479,169,616,4,95.14
480,169,278,3,53.22
481,170,282,5,44.0
482,170,695,2,31.92
483,170,575,5,16.31
484,171,443,3,86.2
485,172,654,2,76.29
486,172,552,2,30.54
487,172,188,5,68.47
488,173,216,2,39.62
489,173,585,2,61.01
490,173,689,2,51.65
491,173,159,4,78.87
492,173,332,3,26.29
493,174,380,3,82.92
494,174,149,3,42.53
495,174,314,4,0.57
496,175,57,2,76.7
497,175,419,1,20.22
498,175,363,3,37.35
499,175,662,3,38.24
500,176,574,4,10.68
501,176,205,2,72.28
502,176,221,5,97.11
503,176,633,1,39.01
504,176,516,4,98.69
505,177,385,3,36.94
506,177,61,3,13.43
507,177,104,1,77.52
508,177,58,4,87.4
509,177,655,5,20.0
510,178,449,2,54.66
511,179,571,1,76.99
512,179,544,3,36.12
513,179,299,4,21.48
514,180,480,3,67.77
515,180,234,3,74.77
516,180,472,1,64.22
517,181,406,1,51.23
518,181,499,1,99.57
519,181,50,5,32.71
520,181,542,5,57.48
521,182,78,5,55.83
522,183,545,2,84.63
523,184,588,4,99.29
524,185,442,3,88.94
525,186,667,1,57.52
526,186,339,4,69.26
527,187,22,1,38.99
528,187,412,1,42.71
529,187,589,3,58.44
530,187,301,3,65.36
531,188,589,5,77.3
532,188,364,2,10.09
533,189,617,1,31.53
534,189,41,2,20.17
535,189,131,2,27.11
536,189,554,2,2.73
537,189,357,4,94.8
538,190,455,2,44.68
539,191,204,1,17.51
540,191,211,5,12.17
541,191,390,2,48.91
542,191,605,5,99.54
543,192,196,3,50.87
544,192,216,-4,38.0
545,192,93,4,85.75
546,192,520,3,31.0
547,193,445,3,70.12
548,194,483,3,84.74
549,194,17,2,12.79
550,194,282,2,46.98
551,194,663,1,80.24
552,195,381,2,17.46
553,195,633,5,74.2
554,195,425,2,92.5
555,196,31,2,62.53
556,196,510,3,2.85
557,197,340,1,3.42
558,198,418,5,59.85
559,198,48,5,10.01
560,199,229,1,47.57
561,199,95,4,53.67
562,199,430,2,80.94
563,200,319,4,90.29
564,201,331,5,61.36
565,201,673,1,74.87
566,202,201,2,8.22
567,202,129,1,28.23
568,202,225,5,22.62
569,202,528,2,30.11
570,202,133,4,51.99
571,203,274,2,93.46
572,203,135,1,79.98
573,203,336,1,97.95
574,203,433,1,3.41
575,203,384,2,32.25
576,204,493,5,99.27
577,204,496,4,54.59
578,204,353,1,65.55
579,204,193,5,33.73
580,204,644,2,80.7
581,205,563,3,26.29
582,205,468,3,2.54
583,205,680,5,22.71
584,205,99,4,12.03
585,206,130,4,98.43
586,206,356,1,97.17
587,206,315,2,94.12
588,207,200,2,35.39
589,207,146,5,56.29
590,207,697,5,80.03
591,207,228,3,69.37
592,207,18,5,15.87
593,208,651,5,93.06
594,208,650,2,95.51
595,209,208,3,52.17
596,209,286,4,46.8
597,209,51,2,30.0
598,209,411,1,55.58
599,210,214,1,41.04
600,210,628,2,16.03
601,210,609,2,15.94
602,211,401,3,96.34
603,211,606,3,40.14
604,211,199,5,15.18
605,211,255,4,27.55
606,212,12,5,10.26
607,212,653,5,66.04
608,212,121,3,54.13
609,213,466,1,89.11
610,213,158,1,42.59
611,213,73,2,69.14
612,213,350,4,22.46
613,213,279,1,73.18
614,214,372,4,10.52
615,214,248,3,73.24
616,214,681,3,32.88
617,214,507,3,8.31
618,214,443,1,48.55
619,215,507,3,78.09
620,215,227,4,83.74
621,215,606,4,87.04
622,215,445,4,10.78
623,215,682,1,11.75
624,216,370,5,39.37
625,216,595,1,78.81
626,217,588,4,2.56
627,217,536,5,63.05
628,217,39,3,92.07
629,217,409,1,84.94
630,218,368,3,24.87
631,218,700,4,32.45
632,218,353,3,16.06
633,219,561,2,85.66
634,219,664,3,53.82
635,219,330,2,30.58
636,219,411,1,31.29
637,219,357,4,75.66
638,220,272,3,43.78
639,220,498,3,95.93
640,221,17,5,50.61
641,221,115,5,55.99
642,221,195,2,69.56
643,222,96,5,66.32
644,222,93,3,34.02
645,223,407,1,73.63
646,223,137,3,97.07
647,223,395,3,44.25
648,224,252,5,99.27
649,225,507,2,98.33
650,226,232,2,29.68
651,226,451,1,48.33
652,227,425,2,84.79
653,227,570,5,57.55
654,227,565,4,70.67
655,227,582,3,26.36
656,228,374,5,95.81
657,228,241,2,82.74
658,228,328,2,57.9
659,229,520,4,10.48
660,230,234,4,83.66
661,230,357,4,49.71
662,230,661,4,99.58
663,230,568,1,55.9
664,230,230,1,47.66
665,231,66,3,71.89
666,231,699,5,89.65
667,232,613,4,76.44
668,233,406,4,69.72
669,233,221,3,56.99
670,234,417,3,97.09
671,234,148,1,35.83
672,234,553,1,7.1
673,234,698,1,73.04
674,234,601,2,60.15
675,235,186,4,33.18
676,235,31,1,57.4
677,236,418,3,31.12
678,236,391,2,87.91
679,236,486,4,26.05
680,236,142,2,98.56
681,237,348,4,52.39
682,238,621,1,5.91
683,239,98,-5,32.69
684,239,173,-3,90.51
685,239,2,5,6.94
686,240,194,5,53.52
687,240,652,3,68.32
688,241,615,5,44.07
689,241,384,2,81.44
690,242,32,1,31.17
691,242,638,3,68.3
692,242,40,5,90.02
693,242,551,4,15.53
694,243,346,4,66.87
695,243,466,1,36.57
696,243,675,2,49.08
697,243,562,4,5.86
698,243,399,4,90.97
699,244,102,3,56.3
700,244,533,5,75.69
701,244,94,2,13.55
702,244,680,2,62.63
703,244,671,4,8.24
704,245,504,1,48.41
705,246,314,5,18.81
706,246,510,1,58.75
707,246,295,5,64.09
708,246,57,1,4.72
709,247,395,5,82.54
710,247,193,4,52.4
711,247,361,2,68.11
712,248,220,1,18.57
713,249,328,2,57.11
714,249,75,-5,92.21
715,250,120,1,65.96
716,250,298,3,98.71
717,251,381,1,59.88
718,251,412,5,88.19
719,252,697,2,65.33
720,252,585,3,1.02
721,252,642,4,84.26
722,252,318,2,48.82
723,253,11,2,22.3
724,253,642,1,90.22
725,253,405,4,53.69
726,253,43,2,25.65
727,253,460,4,28.64
728,254,268,1,49.8
729,254,112,2,3.57
730,254,123,4,22.86
731,254,405,4,76.25
732,254,207,1,61.53
733,255,147,5,18.9
734,255,453,2,4.38
735,255,612,1,34.13
736,255,43,3,35.01
737,256,660,4,94.68
738,256,58,5,18.4
739,257,344,-4,44.05
740,257,674,2,28.78
741,258,147,3,68.48
742,258,561,4,1.75
743,259,330,1,10.38
744,259,380,-2,0.34
745,260,397,5,22.45
746,261,578,5,64.89
747,262,586,5,91.02
748,262,661,2,61.26
749,262,396,3,63.67
750,262,290,4,15.31
751,263,369,2,38.85
752,263,230,3,36.81
753,263,148,1,29.99
754,263,294,1,71.07
755,263,653,5,98.75
756,264,642,2,42.11
757,264,362,4,45.23
758,265,475,4,52.99
759,265,373,2,19.1
760,265,346,2,72.93
761,265,334,5,46.34
762,266,384,4,10.87
763,266,660,4,83.29
764,266,315,5,19.94
765,266,219,3,15.67
766,267,530,1,38.6
767,267,443,2,74.6
768,267,185,5,64.12
769,267,454,5,19.78
770,268,325,4,93.3
771,268,480,5,62.81
772,268,252,1,78.7
773,268,134,-1,92.02
774,269,340,1,90.18
775,270,155,3,36.29
776,270,219,3,82.83
777,271,347,1,15.98
778,271,180,2,11.84
779,271,297,5,56.17
780,271,311,4,28.12
781,272,117,2,9.71
782,272,680,1,38.09
783,273,489,3,58.49
784,273,175,2,1.99
785,273,21,4,56.68
786,273,601,3,88.65
787,274,182,2,67.74
788,275,114,2,32.07
789,275,685,1,98.36
790,276,17,2,25.27
791,276,637,5,52.04
792,276,605,1,90.58
793,276,428,1,70.05
794,277,460,1,99.51
795,277,444,4,33.29
796,277,346,1,97.82
797,278,11,2,38.0
798,278,588,1,27.03
799,278,20,4,80.31
800,278,310,4,34.21
801,278,390,3,55.24
802,279,289,1,91.33
803,279,274,5,2.3
804,279,86,2,10.7
805,279,461,1,6.5
806,280,243,3,61.75
807,280,90,2,96.56
808,280,78,4,33.09
809,280,10,1,5.62
810,280,14,2,74.61
811,281,191,1,9.16
812,282,239,4,52.93
813,282,216,4,70.82
814,282,52,4,18.61
815,282,82,3,59.18
816,283,454,2,7.96
817,284,270,5,18.93
818,284,148,1,7.58
819,285,330,2,83.6
820,285,234,3,50.67
821,286,224,3,53.06
822,286,437,3,16.13
823,286,257,1,34.42
824,287,635,4,76.44
825,288,13,5,91.45
826,288,691,5,6.59
827,288,91,3,31.91
828,288,327,3,48.04
829,289,308,2,17.06
830,289,501,3,88.0
831,289,321,3,84.65
832,289,560,4,89.91
833,290,157,1,78.83
834,290,146,4,63.22
835,290,395,4,43.44
836,290,430,2,94.6
837,291,98,4,27.09
838,291,17,-2,39.22
839,292,563,2,72.37
840,292,285,4,85.16
841,292,234,4,5.98
842,293,69,3,60.78
843,294,241,4,41.63
844,294,532,1,63.15
845,295,646,4,59.91
846,295,319,5,72.48
847,295,634,2,97.04
848,296,19,4,24.61
849,297,240,4,55.5
850,297,321,5,69.83
851,297,650,2,78.16
852,298,235,4,89.06
853,298,608,3,9.56
854,298,625,2,8.13
855,298,243,4,90.04
856,298,256,3,38.96
857,299,283,3,5.9
858,299,147,2,0.31
859,300,636,2,95.67
860,300,495,4,60.48
861,300,576,5,81.07
862,301,612,1,6.06
863,301,620,2,50.41
864,302,386,1,20.42
865,302,434,-3,65.16
866,303,81,4,55.53
867,303,378,5,31.41
868,303,477,3,19.78
869,303,152,5,16.29
870,304,331,1,32.65
871,304,18,4,31.53
872,305,564,3,32.66
873,305,27,1,32.4
874,305,644,5,51.17
875,305,445,2,92.69
876,306,156,5,71.39
877,306,105,1,97.23
878,307,84,1,54.51
879,307,423,5,78.97
880,307,352,2,8.95
881,308,460,1,86.87
882,308,163,2,64.48
883,309,25,1,75.85
884,309,54,2,13.77
885,309,659,3,75.6
886,309,231,-4,76.55
887,309,491,-4,71.47
888,310,564,5,22.95
889,310,70,-4,70.18
890,310,42,5,50.91
891,310,205,2,15.23
892,311,643,5,55.63
893,312,398,3,89.79
894,312,164,4,28.54
895,312,207,1,96.77
896,312,623,5,20.46
897,312,263,1,80.46
898,313,205,3,67.42
899,313,584,5,36.09
900,314,664,2,88.44
901,315,223,-3,82.96
902,315,524,3,94.68
903,315,25,4,45.79
904,316,617,5,79.5
905,316,170,2,10.73
906,316,504,1,61.93
907,316,492,1,93.02
908,317,456,2,36.8
909,317,391,2,74.18
910,317,582,3,41.75
911,318,305,1,30.21
912,319,468,1,93.2
913,319,210,-2,8.61
914,319,124,2,88.64
915,320,280,1,15.33
916,320,277,1,37.74
917,320,24,1,83.05
918,320,577,4,1.33
919,320,492,1,95.94
920,321,289,-3,27.2
921,321,491,2,44.8
922,321,208,1,4.41
923,322,446,3,59.8
924,322,573,4,54.46
925,322,501,3,37.13
926,322,238,5,32.07
927,322,49,3,58.02
928,323,479,2,75.17
929,323,356,4,40.78
930,323,300,4,25.32
931,324,341,4,53.92
932,324,368,2,34.35
933,325,614,5,74.48
934,325,350,5,81.63
935,326,406,4,99.05
936,326,84,5,10.38
937,327,261,5,16.47
938,328,343,1,83.65
939,328,501,3,39.5
940,329,225,1,64.39
941,329,591,2,89.52
942,329,360,2,89.32
943,329,418,5,49.52
944,330,314,2,30.29
945,331,555,1,19.1
946,331,654,1,12.11
947,332,697,1,95.1
948,332,74,4,66.16
949,333,612,3,37.49
950,334,439,4,59.33
951,334,635,4,50.0
952,334,604,3,70.06
953,335,552,5,94.91
954,335,101,4,38.0
955,335,433,4,8.68
956,335,602,3,8.3
957,336,466,4,24.14
958,337,36,4,41.06
959,337,331,1,59.34
960,337,318,1,44.44
961,337,566,5,27.47
962,338,398,5,51.67
963,338,549,2,29.34
964,338,670,2,60.11
965,338,50,4,15.48
966,338,260,1,48.62
967,339,397,2,4.39
968,340,229,5,22.87
969,340,349,4,94.8
970,341,104,2,74.04
971,342,577,-4,52.52
972,342,25,3,10.63
973,342,449,4,43.63
974,342,509,4,8.72
975,342,376,3,50.71
976,343,141,1,57.04
977,343,124,2,99.65
978,344,571,1,65.63
979,344,270,5,55.97
980,344,490,2,30.03
981,345,12,1,66.59
982,345,381,5,30.33
983,345,62,2,24.37
984,345,523,4,18.87
985,346,490,2,63.34
986,346,491,5,7.09
987,346,220,2,14.54
988,346,102,1,98.99
989,347,580,2,75.34
990,348,231,1,4.29
991,348,269,3,2.77
992,348,417,3,60.64
993,349,131,5,50.95
994,349,491,4,75.54
995,350,248,5,77.31
996,350,614,4,41.73
997,351,87,3,46.45
998,351,150,3,53.53
999,351,657,3,85.54
1000,351,41,4,38.61
1001,351,379,5,92.35
1002,352,614,3,48.97
1003,352,677,3,61.64
1004,352,588,1,26.82
1005,352,141,3,59.44
1006,352,481,2,90.58
1007,353,580,3,19.18
1008,353,196,3,41.15
1009,354,613,2,89.06
1010,354,435,2,68.83
1011,354,686,2,36.15
1012,355,567,5,72.46
1013,355,329,3,20.57
1014,355,210,3,64.75
1015,355,474,4,39.16
1016,355,596,3,45.91
1017,356,150,1,96.65
1018,356,261,5,0.33
1019,356,621,2,25.48
1020,357,466,5,19.92
1021,357,564,1,62.81
1022,357,598,4,47.64
1023,357,284,4,13.97
1024,358,371,1,7.03
1025,359,562,5,78.39
1026,360,210,-1,33.76
1027,360,41,5,28.42
1028,360,677,2,61.83
1029,360,581,5,92.79
1030,361,243,5,76.24
1031,361,156,2,82.51
1032,361,24,2,1.74
1033,362,94,5,26.97
1034,362,585,4,24.62
1035,363,227,2,91.76
1036,363,248,3,23.88
1037,363,471,3,86.09
1038,363,625,4,23.22
1039,364,419,4,73.92
1040,365,630,3,67.33
1041,365,390,4,52.39
1042,365,24,-3,50.76
1043,365,555,4,60.66
1044,366,148,4,40.4
1045,366,80,2,40.51
1046,366,616,2,89.85
1047,367,615,2,6.47
1048,367,481,1,34.52
1049,367,25,-4,43.63
1050,367,577,4,8.95
1051,368,357,3,25.99
1052,368,235,2,85.36
1053,368,276,5,81.01
1054,369,391,3,22.86
1055,370,95,5,7.93
1056,370,631,3,29.32
1057,371,286,3,6.68
1058,371,191,1,57.26
1059,371,235,2,47.02
1060,371,420,4,23.62
1061,372,618,1,26.9
1062,372,79,2,77.91
1063,373,378,2,32.55
1064,373,184,2,51.32
1065,373,157,1,89.48
1066,373,547,4,4.83
1067,373,192,2,24.19
1068,374,377,4,10.99
1069,374,588,2,60.6
1070,374,286,1,37.74
1071,374,474,1,52.89
1072,374,252,4,39.5
1073,375,414,3,57.75
1074,375,538,4,52.35
1075,375,478,4,85.79
1076,375,663,2,20.69
1077,375,533,5,84.19
1078,376,619,4,29.95
1079,377,323,4,1.6
1080,378,654,2,30.2
1081,378,151,2,90.05
1082,378,461,4,39.92
1083,378,605,4,20.47
1084,379,426,2,89.7
1085,379,53,1,5.31
1086,380,396,5,82.11
1087,380,670,5,93.4
1088,380,444,4,33.15
1089,380,80,3,16.59
1090,381,150,5,2.47
1091,382,646,-3,40.34
1092,382,534,5,62.18
1093,383,377,5,43.84
1094,383,53,4,51.4
1095,383,530,5,56.64
1096,384,158,4,71.43
1097,385,148,1,27.58
1098,385,146,2,30.29
1099,385,202,2,56.93
1100,386,156,3,21.06
1101,386,438,1,3.75
1102,386,561,4,21.91
1103,386,582,2,49.35
1104,387,686,4,34.27
1105,388,481,5,90.13
1106,388,265,3,32.65
1107,388,591,2,83.54
1108,389,533,2,43.39
1109,389,699,3,50.88
1110,389,286,4,99.13
1111,389,609,1,30.03
1112,389,252,3,14.8
1113,390,225,4,92.61
1114,390,255,5,41.26
1115,391,430,1,62.31
1116,391,581,1,92.61
1117,391,340,1,81.51
1118,391,307,2,97.84
1119,392,380,2,99.78
1120,392,122,4,40.53
1121,392,316,2,61.06
1122,393,345,5,37.68
1123,393,164,1,8.23
1124,394,154,5,89.66
1125,395,53,4,13.35
1126,395,3,3,91.81
1127,396,683,1,30.98
1128,396,586,1,58.29
1129,396,90,1,82.14
1130,397,175,4,59.34
1131,397,401,5,7.17
1132,398,292,3,77.61
1133,398,142,5,60.65
1134,398,67,3,85.22
1135,398,474,2,81.03
1136,398,621,3,30.64
1137,399,429,3,46.13
1138,399,241,2,5.87
1139,399,317,1,99.82
1140,399,683,2,7.34
1141,400,328,4,12.26
1142,400,594,5,30.25
1143,400,245,2,65.62
1144,401,161,3,3.14
1145,401,401,3,81.25
1146,401,197,4,39.75
1147,402,461,4,95.81
1148,402,137,5,18.4
1149,402,335,2,41.58
1150,403,343,2,49.54
1151,403,152,3,72.08
1152,403,44,4,0.92
1153,403,144,3,80.02
1154,404,346,4,96.93
1155,404,3,2,33.25
1156,404,108,5,39.07
1157,405,605,1,71.91
1158,405,628,5,99.68
1159,405,627,4,33.26
1160,405,202,4,96.51
1161,405,446,1,87.82
1162,406,624,5,26.47
1163,406,586,1,66.84
1164,406,237,5,26.54
1165,406,323,5,22.18
1166,407,245,1,80.24
1167,407,407,3,89.95
1168,407,3,-4,86.85
1169,407,441,3,66.33
1170,408,595,5,11.59
1171,408,219,2,38.9
1172,408,547,3,65.61
1173,408,678,1,7.97
1174,409,492,1,74.94
1175,409,22,3,29.23
1176,410,426,2,36.14
1177,410,166,3,54.23
1178,410,437,5,7.62
1179,411,125,2,77.03
1180,411,4,3,11.34
1181,412,346,4,48.12
1182,412,125,5,8.33
1183,412,513,1,38.79
1184,412,548,2,25.03
1185,413,636,1,16.23
1186,414,165,2,92.47
1187,414,535,-3,85.35
1188,414,548,4,51.24
1189,415,218,4,74.77
1190,415,172,1,74.47
1191,415,195,4,45.79
1192,415,636,3,19.91
1193,416,38,4,57.09
1194,417,681,3,41.55
1195,418,323,4,84.3
1196,419,534,4,99.61
1197,419,575,3,81.08
1198,419,120,3,53.71
1199,419,608,4,85.87
1200,419,140,1,66.48
1201,420,265,2,84.97
1202,420,389,1,36.38
1203,421,316,1,32.78
1204,421,308,1,93.14
1205,421,417,5,10.01
1206,421,24,1,26.42
1207,422,326,5,80.04
1208,422,127,2,31.15
1209,422,188,5,91.3
1210,423,563,5,54.61
1211,424,674,3,42.02
1212,424,305,3,5.21
1213,424,103,1,94.47
1214,424,414,1,47.7
1215,424,42,4,40.6
1216,425,271,2,56.12
1217,426,84,2,91.82
1218,426,343,1,1.68
1219,427,130,5,40.79
1220,427,174,5,57.67
1221,428,505,2,21.1
1222,428,561,4,52.78
1223,429,140,4,28.77
1224,429,415,2,88.96
1225,429,605,4,60.53
1226,430,118,4,74.68
1227,431,591,5,67.1
1228,431,189,2,23.09
1229,432,48,4,21.81
1230,432,74,1,65.19
1231,433,15,4,20.63
1232,434,151,1,32.51
1233,434,664,4,51.89
1234,435,455,2,35.32
1235,435,680,2,94.91
1236,435,207,4,0.31
1237,436,163,5,41.34
1238,436,63,3,27.93
1239,436,62,4,47.32
1240,436,470,5,45.44
1241,437,660,2,27.56
1242,437,230,4,26.96
1243,437,461,4,90.48
1244,438,241,4,98.65
1245,439,522,3,68.99
1246,439,658,3,51.65
1247,439,149,3,2.03
1248,439,113,5,10.71
1249,439,275,3,24.43
1250,440,629,4,0.34
1251,440,589,1,68.96
1252,440,543,5,34.13
1253,440,188,4,10.85
1254,440,643,3,42.48
1255,441,601,4,96.07
1256,441,205,5,9.61
1257,441,644,4,89.03
1258,442,47,4,53.25
1259,442,345,4,95.75
1260,442,366,1,10.32
1261,443,237,1,41.24
1262,443,421,1,98.98
1263,444,452,3,25.65
1264,444,139,5,99.13
1265,444,227,5,89.31
1266,444,220,1,23.67
1267,444,224,1,25.03
1268,445,550,3,65.73
1269,445,645,1,48.95
1270,445,247,2,88.75
1271,445,46,1,58.29
1272,445,488,5,42.71
1273,446,366,-2,9.75
1274,446,464,-5,27.53
1275,446,570,2,23.42
1276,447,184,2,19.76
1277,448,472,4,13.45
1278,448,63,1,72.41
1279,448,678,3,88.02
1280,449,443,2,0.76
1281,449,158,3,17.51
1282,449,65,4,76.44
1283,450,75,4,22.93
1284,450,158,2,52.03
1285,451,694,4,99.72
1286,451,544,5,21.56
1287,451,606,4,61.09
1288,451,600,4,26.02
1289,451,338,2,79.83
1290,452,201,4,77.26
1291,453,94,1,70.03
1292,453,596,1,39.46
1293,453,119,5,81.67
1294,453,130,1,53.9
1295,454,130,1,60.69
1296,454,247,1,55.23
1297,455,538,3,54.89
1298,455,551,2,49.05
1299,455,96,2,79.0
1300,456,531,2,7.14
1301,457,83,3,33.77
1302,457,330,1,78.0
1303,457,472,1,72.31
1304,457,169,1,75.76
1305,457,698,5,68.8
1306,458,101,3,63.08
1307,458,450,-5,14.98
1308,458,552,3,67.22
1309,458,664,5,75.25
1310,459,164,2,57.64
1311,459,88,4,52.22
1312,459,559,1,82.44
1313,460,514,3,4.04
1314,460,637,4,4.41
1315,460,44,-1,26.13
1316,461,387,3,72.39
1317,461,354,3,40.52
1318,462,126,5,32.16
1319,462,242,1,82.16
1320,462,423,5,4.19
1321,462,153,1,5.3
1322,462,276,2,60.21
1323,463,572,5,95.31
1324,463,472,5,6.45
1325,463,633,3,92.81
1326,463,364,4,52.86
1327,463,18,5,73.85
1328,464,641,2,47.36
1329,464,265,2,37.81
1330,464,660,2,6.42
1331,465,249,1,40.01
1332,465,159,3,52.17
1333,465,690,3,15.86
1334,466,430,3,84.5
1335,466,134,4,30.96
1336,467,85,4,98.22
1337,467,474,4,94.61
1338,467,42,3,86.63
1339,468,192,4,72.11
1340,469,349,2,95.92
1341,469,557,1,46.98
1342,469,700,3,27.98
1343,470,526,5,2.25
1344,470,590,2,36.84
1345,470,544,5,51.87
1346,471,340,5,6.15
1347,471,138,3,68.68
1348,471,477,1,29.14
1349,472,222,3,52.62
1350,472,214,5,70.89
1351,473,228,1,45.47
1352,473,145,4,78.74
1353,473,105,5,97.56
1354,473,93,2,63.09
1355,474,505,2,32.3
1356,474,222,2,40.66
1357,475,79,1,61.19
1358,476,509,5,77.89
1359,476,336,5,1.07
1360,476,399,2,2.66
1361,476,98,1,33.46
1362,476,473,4,12.79
1363,477,537,4,49.74
1364,477,14,3,59.61
1365,477,251,4,88.23
1366,477,387,2,60.97
1367,477,342,3,5.79
1368,478,619,5,57.5
1369,478,73,1,22.58
1370,478,127,4,34.3
1371,479,601,2,40.73
1372,480,162,5,14.79
1373,480,221,2,33.52
1374,481,79,3,53.61
1375,481,95,1,63.05
1376,481,262,3,93.56
1377,481,38,4,79.07
1378,482,532,1,12.88
1379,483,44,2,5.54
1380,484,370,4,8.84
1381,484,400,1,68.49
1382,485,329,2,17.55
1383,486,261,3,42.98
1384,486,349,5,57.2
1385,487,642,2,98.39
1386,487,497,3,96.31
1387,487,435,1,89.64
1388,487,575,1,98.51
1389,488,351,2,66.71
1390,488,306,5,52.86
1391,489,48,3,12.41
1392,489,218,1,45.15
1393,489,240,1,4.75
1394,489,661,3,58.08
1395,490,297,3,93.5
1396,491,262,5,62.38
1397,491,597,4,57.27
1398,491,170,4,65.68
1399,491,413,5,75.95
1400,492,92,5,57.93
1401,492,535,5,33.04
1402,492,303,1,77.23
1403,492,149,3,79.23
1404,493,180,1,78.03
1405,493,195,2,14.13
1406,494,414,4,2.3
1407,494,578,5,39.8
1408,494,574,1,41.77
1409,494,57,1,17.39
1410,495,317,2,22.04
1411,495,576,5,65.02
1412,496,142,1,96.0
1413,496,674,1,90.22
1414,496,575,5,34.13
1415,496,18,5,78.41
1416,496,292,4,35.87
1417,497,445,3,55.06
1418,497,677,5,40.69
1419,498,222,1,80.87
1420,499,689,2,80.72
1421,500,586,3,77.72
1422,500,345,4,24.06
1423,500,124,3,27.19
1424,501,31,2,22.37
1425,502,684,5,39.07
1426,503,65,5,8.12
1427,503,57,2,33.48
1428,503,120,1,6.62
1429,503,397,5,64.83
1430,504,301,5,73.77
1431,505,465,4,86.29
1432,506,201,2,36.84
1433,506,597,3,89.57
1434,506,454,4,28.15
1435,506,658,2,94.29
1436,506,422,2,76.3
1437,507,688,-3,79.87
1438,507,134,4,82.6
1439,507,611,4,98.2
1440,507,141,5,60.18
1441,508,24,5,97.03
1442,508,407,2,23.21
1443,508,537,2,31.42
1444,509,208,4,54.47
1445,509,354,1,20.49
1446,510,695,1,0.05
1447,510,105,1,42.19
1448,511,686,5,34.5
1449,511,326,1,44.75
1450,511,136,5,26.46
1451,511,479,1,16.87
1452,511,508,5,14.09
1453,512,302,4,99.49
1454,512,523,2,68.2
1455,512,45,1,53.42
1456,512,97,2,74.09
1457,513,684,-1,16.15
1458,513,526,1,89.43
1459,513,175,5,18.24
1460,513,192,2,93.06
1461,514,176,4,68.68
1462,514,587,4,42.6
1463,514,560,2,53.94
1464,514,349,1,17.72
1465,515,419,2,44.96
1466,515,30,1,70.28
1467,515,347,5,42.87
1468,516,465,4,40.27
1469,517,242,1,0.23
1470,517,415,5,65.89
1471,517,531,2,62.92
1472,517,151,3,8.62
1473,518,696,3,44.73
1474,518,676,1,40.49
1475,518,375,2,52.28
1476,518,16,2,57.06
1477,519,582,5,55.75
1478,519,408,5,26.85
1479,519,468,4,54.19
1480,520,17,1,69.18
1481,520,163,2,54.23
1482,520,130,5,25.08
1483,520,39,3,29.81
1484,520,339,5,73.54
1485,521,567,3,62.61
1486,521,645,5,81.03
1487,521,68,1,44.14
1488,521,663,3,23.53
1489,521,87,5,39.05
1490,522,553,-2,61.56
1491,522,673,3,7.8
1492,523,66,5,38.45
1493,523,643,2,57.46
1494,523,680,4,71.85
1495,523,473,2,12.95
1496,523,507,5,49.39
1497,524,659,5,52.44
1498,525,659,2,69.55
1499,525,191,1,86.78
1500,525,699,4,61.95
1501,525,641,4,3.06
1502,526,172,3,17.59
1503,527,384,2,39.32
1504,527,275,5,14.04
1505,527,258,5,63.83
1506,528,700,5,78.95
1507,528,546,2,19.46
1508,529,106,1,91.6
1509,529,349,2,33.79
1510,529,415,4,94.5
1511,529,169,4,57.54
1512,529,267,4,22.17
1513,530,352,5,37.01
1514,530,543,2,93.96
1515,531,574,4,2.57
1516,532,532,-3,32.04
1517,532,270,4,28.73
1518,532,396,3,19.42
1519,532,573,5,67.54
1520,533,591,4,19.91
1521,533,77,3,26.91
1522,533,116,1,36.42
1523,533,493,4,32.52
1524,533,614,4,82.76
1525,534,110,2,88.61
1526,534,222,4,84.59
1527,535,100,-1,62.08
1528,535,244,2,64.33
1529,535,437,1,76.98
1530,535,459,1,35.39
1531,535,325,4,52.92
1532,536,606,5,6.01
1533,537,490,3,23.5
1534,537,7,5,85.65
1535,538,412,3,91.29
1536,538,167,4,95.55
1537,538,141,5,79.23
1538,539,552,2,70.61
1539,539,453,5,74.08
1540,539,287,3,33.95
1541,539,306,5,36.37
1542,540,629,5,95.8
1543,540,295,1,81.24
1544,540,183,4,2.54
1545,541,41,1,30.68
1546,542,601,2,23.64
1547,542,663,1,86.85
1548,543,214,1,48.05
1549,544,209,1,28.44
1550,544,649,5,38.31
1551,544,436,5,71.67
1552,544,569,2,85.03
1553,544,187,2,89.89
1554,545,300,1,84.6
1555,545,659,2,28.79
1556,545,424,1,80.54
1557,545,154,2,80.77
1558,546,137,2,12.63
1559,547,147,5,37.72
1560,547,661,1,51.96
1561,547,8,4,16.02
1562,547,642,5,2.42
1563,547,313,2,40.4
1564,548,682,4,18.07
1565,549,492,3,36.32
1566,549,476,3,37.89
1567,549,329,5,32.54
1568,550,93,5,10.22
1569,550,524,1,18.17
1570,550,686,4,64.54
1571,550,465,2,68.75
1572,550,392,2,71.72
1573,551,579,5,95.67
1574,551,672,1,17.25
1575,552,581,1,79.94
1576,552,630,5,30.32
1577,552,220,5,23.65
1578,552,422,2,36.37
1579,552,176,2,85.57
1580,553,209,4,72.48
1581,553,328,4,88.25
1582,553,570,2,39.31
1583,553,316,2,57.1
1584,553,274,3,57.76
1585,554,626,5,86.06
1586,554,120,-4,57.1
1587,554,185,4,5.54
1588,554,458,2,59.59
1589,555,510,2,55.83
1590,555,116,5,14.92
1591,555,220,1,36.43
1592,555,503,1,17.33
1593,555,335,1,55.42
1594,556,477,4,21.06
1595,556,532,3,35.74
1596,556,516,2,39.43
1597,556,519,1,92.25
1598,556,583,1,27.81
1599,557,242,1,85.52
1600,557,398,5,46.02
1601,557,661,3,16.3
1602,558,585,1,64.29
1603,558,96,2,72.98
1604,559,357,2,65.38
1605,559,680,5,61.21
1606,559,25,2,57.65
1607,559,95,4,68.68
1608,559,311,4,96.74
1609,560,408,2,11.56
1610,560,50,2,68.68
1611,561,420,1,77.14
1612,561,478,1,38.26
1613,561,677,1,18.07
1614,561,143,1,3.19
1615,562,352,5,93.24
1616,562,678,2,74.68
1617,563,38,5,38.03
1618,563,301,2,66.03
1619,564,667,1,78.5
1620,564,682,2,28.45
1621,564,309,5,62.53
1622,564,534,2,85.98
1623,565,681,3,1.71
1624,565,335,5,84.69
1625,565,138,3,83.96
1626,565,154,1,73.6
1627,565,611,1,21.46
1628,566,611,1,22.89
1629,566,354,4,27.55
1630,566,132,4,54.97
1631,566,598,5,30.69
1632,566,509,2,2.7
1633,567,160,1,48.19
1634,568,433,1,16.2
1635,569,571,3,59.91
1636,569,507,1,72.15
1637,570,442,4,2.24
1638,571,134,3,94.52
1639,571,130,1,26.11
1640,572,647,1,71.03
1641,572,658,3,5.86
1642,573,631,3,40.55
1643,574,578,4,30.83
1644,574,656,1,59.01
1645,574,463,3,42.52
1646,574,378,2,25.13
1647,575,141,3,0.27
1648,576,569,1,79.73
1649,577,126,5,44.93
1650,577,40,3,9.0
1651,577,213,2,4.26
1652,577,28,1,81.23
1653,577,423,3,14.81
1654,578,111,3,46.35
1655,579,521,4,24.65
1656,579,44,4,33.21
1657,580,295,3,95.39
1658,581,308,1,2.48
1659,581,205,5,34.89
1660,581,411,5,44.68
1661,581,180,4,49.62
1662,582,124,1,99.98
1663,582,575,2,15.66
1664,583,261,1,6.41
1665,583,448,2,69.95
1666,583,404,-4,5.76
1667,583,153,3,42.56
1668,584,339,1,79.51
1669,584,642,1,48.57
1670,584,604,4,25.23
1671,585,671,3,54.39
1672,586,70,1,66.77
1673,586,577,1,17.21
1674,586,647,3,50.18
1675,586,277,5,83.01
1676,586,588,4,39.5
1677,587,542,1,59.03
1678,587,505,1,38.22
1679,587,655,5,10.21
1680,587,230,4,14.84
1681,587,664,4,4.91
1682,588,585,2,43.69
1683,588,273,2,96.7
1684,588,255,5,58.29
1685,588,239,1,44.61
1686,589,69,3,43.08
1687,590,27,4,46.07
1688,590,220,5,10.57
1689,591,57,1,66.04
1690,591,163,3,93.09
1691,591,677,5,79.92
1692,591,682,2,70.18
1693,592,586,4,89.74
1694,592,526,1,96.25
1695,592,610,5,58.76
1696,592,517,3,50.82
1697,592,599,1,92.81
1698,593,312,2,45.13
1699,593,548,3,73.74
1700,593,142,2,44.04
1701,594,383,1,25.95
1702,594,449,1,32.02
1703,594,12,1,17.98
1704,594,553,2,8.51
1705,594,177,5,76.46
1706,595,162,5,67.43
1707,596,277,5,15.04
1708,596,170,4,99.9
1709,596,615,4,5.0
1710,596,687,1,22.93
1711,596,434,1,79.05
1712,597,434,4,64.23
1713,597,116,2,67.42
1714,597,364,5,33.33
1715,597,438,4,77.9
1716,597,46,4,85.9
1717,598,187,5,70.2
1718,598,300,3,37.63
1719,598,656,5,26.48
1720,598,47,5,26.56
1721,599,320,2,10.22
1722,599,156,2,93.34
1723,599,67,5,82.55
1724,599,455,4,54.67
1725,599,12,1,57.39
1726,600,273,4,50.18
1727,600,548,5,43.59
1728,601,405,5,57.58
1729,601,492,-4,83.3
1730,601,155,1,21.45
1731,602,601,2,75.55
1732,603,656,2,71.97
1733,603,168,1,98.1
1734,603,210,1,32.12
1735,603,418,5,33.25
1736,603,111,1,36.03
1737,604,310,3,9.74
1738,604,508,3,87.3
1739,604,149,3,78.77
1740,605,412,1,12.68
1741,605,65,3,57.32
1742,605,482,5,54.67
1743,605,496,1,46.17
1744,606,149,3,84.78
1745,606,100,1,83.97
1746,606,279,5,39.45
1747,606,82,4,54.59
1748,606,454,5,61.74
1749,607,596,5,31.16
1750,607,406,5,31.24
1751,608,336,3,97.89
1752,609,114,1,72.24
1753,610,60,3,92.87
1754,610,490,1,7.04
1755,611,433,1,59.6
1756,612,405,4,64.76
1757,612,213,1,25.99
1758,612,432,3,37.9
1759,612,322,1,59.41
1760,612,255,5,13.59
1761,613,595,4,68.24
1762,613,257,3,74.06
1763,613,184,5,43.13
1764,613,49,4,78.92
1765,613,301,3,82.02
1766,614,323,4,33.99
1767,614,434,1,78.25
1768,614,373,3,96.48
1769,615,519,1,24.25
1770,615,624,3,40.44
1771,616,134,3,5.42
1772,616,649,4,60.37
1773,616,189,3,5.37
1774,616,429,4,18.67
1775,617,156,2,79.82
1776,617,302,4,47.84
1777,618,319,5,2.77
1778,618,411,1,70.91
1779,618,138,1,91.07
1780,618,324,5,25.12
1781,619,655,1,58.88
1782,619,398,4,49.45
1783,619,62,5,87.46
1784,619,7,2,88.25
1785,619,550,3,78.56
1786,620,280,4,71.83
1787,621,169,1,11.09
1788,621,654,2,52.88
1789,621,436,2,88.45
1790,622,234,5,86.64
1791,622,441,5,55.41
1792,622,355,2,26.47
1793,623,180,5,23.26
1794,623,318,3,36.2
1795,623,131,3,67.58
1796,623,127,4,65.28
1797,623,688,3,33.85
1798,624,202,1,19.35
1799,624,79,4,53.73
1800,625,699,4,39.81
1801,625,636,2,29.35
1802,625,87,2,3.07
1803,625,462,5,68.51
1804,626,487,3,65.51
1805,627,69,5,96.23
1806,628,262,3,19.44
1807,629,624,5,26.68
1808,629,236,2,22.95
1809,629,333,-3,85.78
1810,629,559,1,71.52
1811,630,452,5,84.26
1812,630,486,3,27.89
1813,630,518,3,95.55
1814,630,294,3,5.35
1815,631,216,5,45.03
1816,631,548,5,64.18
1817,631,371,3,59.58
1818,631,68,2,96.03
1819,631,487,5,87.41
1820,632,638,5,77.64
1821,632,582,5,99.32
1822,632,594,3,70.31
1823,632,436,4,83.97
1824,633,260,2,8.95
1825,633,386,5,96.35
1826,634,180,2,64.87
1827,634,275,5,52.15
1828,634,136,2,10.32
1829,635,662,5,39.19
1830,636,581,2,51.47
1831,636,216,1,55.7
1832,637,172,1,11.7
1833,637,150,2,88.9
1834,638,65,5,43.4
1835,639,47,1,63.14
1836,640,693,5,29.55
1837,640,493,3,9.29
1838,640,396,1,23.52
1839,640,125,5,31.93
1840,640,12,2,8.51
1841,641,49,2,30.93
1842,641,495,5,67.63
1843,641,283,1,19.86
1844,641,432,1,75.16
1845,641,564,-2,81.74
1846,642,338,4,33.14
1847,642,603,1,97.24
1848,642,389,4,9.2
1849,643,663,4,29.91
1850,644,93,2,0.16
1851,645,555,5,91.63
1852,645,332,3,46.94
1853,645,103,5,36.73
1854,645,409,5,42.99
1855,646,208,5,56.46
1856,646,302,4,60.69
1857,646,568,1,53.99
1858,646,145,5,89.77
1859,646,387,5,52.91
1860,647,630,3,42.88
1861,647,75,3,7.75
1862,647,373,4,2.34
1863,647,32,5,2.23
1864,648,136,4,76.4
1865,649,466,5,87.27
1866,649,647,-4,97.78
1867,649,535,5,76.11
1868,650,378,3,97.15
1869,650,143,1,45.69
1870,650,75,1,13.8
1871,650,473,3,18.49
1872,650,370,1,67.3
1873,651,149,4,43.57
1874,651,288,2,60.32
1875,651,95,4,58.76
1876,651,624,4,70.71
1877,651,607,3,36.64
1878,652,108,3,37.28
1879,652,567,1,77.95
1880,653,3,2,86.96
1881,653,592,4,71.03
1882,654,51,1,21.96
1883,655,420,4,82.73
1884,655,282,3,47.0
1885,655,55,2,91.95
1886,656,336,4,94.53
1887,656,287,5,68.88
1888,656,6,4,13.62
1889,656,60,4,94.16
1890,656,92,5,79.48
1891,657,7,1,94.3
1892,657,494,1,57.44
1893,657,68,1,84.38
1894,658,673,1,42.74
1895,659,372,2,86.22
1896,660,55,1,7.09
1897,660,584,4,68.05
1898,660,140,1,25.64
1899,660,205,1,57.4
1900,661,576,2,14.08
1901,661,336,5,41.32
1902,661,301,5,86.52
1903,662,353,3,76.6
1904,662,135,4,8.81
1905,662,610,5,51.47
1906,662,264,2,20.22
1907,663,552,1,33.23
1908,663,85,2,56.15
1909,663,219,5,68.46
1910,664,480,3,88.16
1911,665,449,2,91.84
1912,665,263,4,40.56
1913,665,537,3,43.54
1914,666,459,2,99.65
1915,666,199,3,50.34
1916,666,603,5,17.69
1917,666,562,2,98.14
1918,667,416,1,5.31
1919,667,142,4,70.47
1920,667,554,4,61.99
1921,668,82,2,18.28
1922,668,373,1,54.08
1923,668,407,3,32.46
1924,669,506,3,66.61
1925,670,105,5,9.48
1926,670,240,1,80.54
1927,670,103,4,5.4
1928,670,86,2,2.38
1929,670,474,5,23.38
1930,671,86,1,66.69
1931,671,699,2,31.37
1932,671,182,5,96.2
1933,672,162,4,69.96
1934,673,81,3,21.46
1935,674,356,5,63.37
1936,674,671,5,43.81
1937,675,505,1,70.42
1938,676,475,5,35.39
1939,676,610,5,64.39
1940,677,683,-1,39.27
1941,677,68,5,30.41
1942,678,209,5,27.74
1943,679,33,4,61.16
1944,679,220,3,54.28
1945,680,97,5,95.98
1946,680,227,3,75.0
1947,680,670,3,34.05
1948,680,345,1,7.07
1949,680,631,1,48.69
1950,681,14,4,90.88
1951,681,660,5,54.67
1952,681,20,4,4.41
1953,681,408,2,50.1
1954,681,585,2,95.64
1955,682,584,3,96.32
1956,682,296,3,2.05
1957,683,503,3,21.8
1958,683,470,3,7.29
1959,683,387,2,31.31
1960,683,161,2,18.36
1961,684,471,5,58.21
1962,685,678,2,22.13
1963,685,587,3,6.97
1964,686,586,1,89.23
1965,687,365,-2,76.43
1966,688,570,1,90.29
1967,688,424,1,44.41
1968,688,523,2,0.65
1969,688,260,3,92.35
1970,688,249,4,87.65
1971,689,570,2,59.34
1972,689,557,5,31.17
1973,689,462,4,95.33
1974,689,332,2,80.41
1975,689,580,2,88.47
1976,690,469,3,7.77
1977,690,379,4,88.99
1978,691,130,3,22.56
1979,691,2,-5,18.9
1980,691,456,2,79.53
1981,691,118,2,90.69
1982,691,94,5,52.23
1983,692,5,4,11.21
1984,692,375,4,37.14
1985,692,580,5,73.03
1986,692,97,3,46.38
1987,693,172,5,5.03
1988,693,97,3,47.88
1989,693,391,5,6.72
1990,693,570,4,15.46
1991,694,492,3,65.74
1992,694,177,5,72.24
1993,694,522,4,5.4
1994,694,283,5,29.45
1995,694,340,2,83.87
1996,695,139,2,8.87
1997,695,679,3,27.88
1998,696,135,1,97.39
1999,696,538,3,71.05
2000,697,690,2,73.48
2001,698,37,2,27.7
2002,698,650,2,13.12
2003,699,510,2,19.4
2004,699,368,2,41.79
2005,699,131,1,39.59
2006,699,106,1,82.49
2007,700,610,4,39.79
2008,700,237,5,53.73
2009,700,451,2,68.38
2010,701,613,4,81.3
2011,701,92,1,37.81
2012,702,42,1,2.92
2013,702,163,2,74.19
2014,702,597,3,38.71
2015,702,544,2,8.12
2016,702,224,2,41.98
2017,703,514,1,55.72
2018,704,428,1,70.04
2019,704,403,2,51.21
2020,704,472,4,6.04
2021,705,294,4,39.15
2022,705,261,2,60.47
2023,705,308,2,56.76
2024,705,672,-3,64.72
2025,705,38,4,18.98
2026,706,395,4,11.75
2027,706,138,3,25.57
2028,707,682,5,26.66
2029,707,141,2,51.47
2030,707,352,5,95.5
2031,707,671,5,94.91
2032,708,633,2,90.74
2033,708,101,1,57.09
2034,708,638,4,20.1
2035,708,418,3,88.74
2036,708,152,3,97.41
2037,709,375,1,23.59
2038,709,683,2,20.23
2039,710,247,1,83.45
2040,711,512,3,77.84
2041,711,416,4,56.37
2042,711,29,3,79.61
2043,711,383,4,89.49
2044,711,274,3,94.27
2045,712,205,4,47.22
2046,712,370,3,93.12
2047,712,246,5,38.23
2048,713,442,2,12.65
2049,714,352,-3,69.77
2050,714,293,1,92.53
2051,715,314,4,32.31
2052,715,521,3,39.71
2053,715,90,4,85.34
2054,715,350,-2,87.01
2055,715,190,3,36.79
2056,716,122,3,66.77
2057,716,273,3,58.35
2058,716,186,2,15.74
2059,716,395,4,30.1
2060,716,126,3,21.35
2061,717,464,5,65.78
2062,718,232,1,68.63
2063,718,107,1,53.08
2064,718,698,3,14.21
2065,718,19,1,72.99
2066,719,95,2,81.56
2067,719,571,3,17.62
2068,719,288,5,25.98
2069,719,326,4,49.72
2070,720,664,1,41.09
2071,720,693,3,82.04
2072,721,456,4,43.0
2073,721,474,3,19.5
2074,722,115,3,64.57
2075,723,645,3,81.37
2076,724,65,5,4.56
2077,724,26,1,48.38
2078,724,377,2,6.57
2079,724,334,2,66.26
2080,724,665,2,2.65
2081,725,233,2,52.91
2082,725,588,1,16.45
2083,725,127,1,19.81
2084,726,355,2,2.68
2085,726,360,2,63.12
2086,726,158,4,34.4
2087,726,531,3,35.22
2088,726,401,2,14.84
2089,727,656,2,19.01
2090,727,454,5,17.43
2091,728,373,3,22.66
2092,728,486,4,35.0
2093,728,228,1,9.16
2094,729,565,4,18.74
2095,730,510,4,1.42
2096,730,124,1,9.98
2097,730,518,5,96.27
2098,730,163,5,18.29
2099,730,205,1,49.3
2100,731,269,4,44.26
2101,731,547,3,20.98
2102,731,265,2,98.25
2103,731,413,2,91.96
2104,732,18,3,34.61
2105,732,650,5,81.57
2106,732,109,2,95.84
2107,732,623,4,18.3
2108,732,300,5,33.75
2109,733,672,2,63.54
2110,733,51,4,24.46
2111,733,399,1,27.16
2112,734,283,4,22.91
2113,734,108,5,77.22
2114,734,242,5,1.36
2115,734,7,1,38.54
2116,735,677,4,82.82
2117,735,59,4,38.61
2118,735,521,3,79.08
2119,735,294,1,25.14
2120,736,179,1,42.81
2121,737,74,3,27.16
2122,737,80,5,9.13
2123,737,580,4,21.15
2124,738,462,3,6.02
2125,738,561,1,1.82
2126,738,509,2,15.83
2127,739,73,5,49.61
2128,740,678,2,94.08
2129,740,92,5,71.65
2130,741,414,4,56.64
2131,741,474,5,7.42
2132,741,545,4,48.39
2133,741,581,1,98.51
2134,741,663,2,65.2
2135,742,472,3,96.38
2136,743,637,3,63.74
2137,743,487,2,68.49
2138,743,665,3,60.26
2139,743,558,4,18.84
2140,743,431,5,78.56
2141,744,187,2,12.11
2142,744,239,1,2.35
2143,744,128,3,37.81
2144,745,577,3,71.1
2145,745,656,1,96.82
2146,745,468,4,30.92
2147,746,509,4,92.34
2148,746,411,1,20.13
2149,746,305,3,99.06
2150,746,587,3,3.3
2151,747,251,4,58.89
2152,747,362,4,56.5
2153,747,323,5,46.44
2154,747,226,1,63.5
2155,748,141,2,4.95
2156,748,583,3,71.9
2157,748,390,2,11.01
2158,749,165,4,98.74
2159,749,474,3,91.62
2160,749,424,5,84.05
2161,749,691,3,34.87
2162,749,212,3,43.46
2163,750,339,2,25.74
2164,750,269,1,30.54
2165,750,300,1,92.8
2166,751,251,5,22.64
2167,751,623,3,26.38
2168,751,249,5,83.68
2169,751,265,5,22.45
2170,751,283,5,42.01
2171,752,489,5,93.38
2172,752,224,1,10.36
2173,752,590,1,76.02
2174,752,686,4,69.13
2175,752,546,1,76.17
2176,753,335,2,70.98
2177,753,309,4,47.26
2178,753,532,5,77.77
2179,753,357,1,4.29
2180,754,581,4,14.84
2181,754,444,5,5.46
2182,754,312,1,73.73
2183,755,110,2,46.15
2184,755,140,4,52.88
2185,755,118,5,33.08
2186,756,644,1,43.02
2187,756,694,1,60.95
2188,756,483,1,36.05
2189,757,194,4,8.46
2190,757,266,2,55.07
2191,757,336,1,29.66
2192,758,196,2,74.09
2193,758,418,1,19.49
2194,759,300,2,1.87
2195,759,188,2,71.42
2196,759,272,4,69.31
2197,759,417,4,54.03
2198,760,34,5,98.86
2199,761,145,4,95.93
2200,761,583,2,65.38
2201,761,288,4,28.6
2202,762,270,2,5.84
2203,762,193,2,79.14
2204,762,39,3,16.34
2205,762,310,5,28.03
2206,763,347,2,13.35
2207,763,186,2,23.38
2208,763,460,-2,33.02
2209,763,345,5,21.55
2210,764,236,1,25.36
2211,765,452,4,36.52
2212,765,70,1,42.69
2213,765,126,4,34.74
2214,765,687,3,74.84
2215,766,285,3,7.82
2216,766,658,2,73.47
2217,767,265,2,91.79
2218,767,500,2,54.02
2219,767,175,4,97.22
2220,767,241,5,79.72
2221,767,30,1,71.77
2222,768,678,3,37.33
2223,768,136,4,72.22
2224,769,677,1,47.63
2225,769,560,4,26.05
2226,769,474,1,83.24
2227,770,271,4,54.16
2228,770,52,5,44.07
2229,771,645,1,31.67
2230,771,152,1,58.49
2231,771,348,3,75.82
2232,771,518,3,91.49
2233,772,254,2,45.14
2234,772,498,1,9.97
2235,773,89,1,45.79
2236,774,43,5,91.63
2237,774,242,1,4.95
2238,774,355,4,3.61
2239,774,567,2,35.25
2240,774,426,5,61.73
2241,775,183,1,17.27
2242,775,613,2,94.53
2243,775,326,3,55.76
2244,776,168,3,14.97
2245,776,22,1,37.69
2246,777,267,4,19.24
2247,777,606,2,0.15
2248,777,662,5,20.24
2249,778,302,1,84.06
2250,778,310,4,58.01
2251,778,454,-3,46.46
2252,779,11,5,76.6
2253,779,384,3,76.61
2254,780,195,4,70.2
2255,780,699,2,63.47
2256,780,459,2,87.76
2257,781,425,2,49.8
2258,781,239,3,16.0
2259,781,275,3,1.75
2260,782,409,3,14.18
2261,783,138,2,28.58
2262,783,29,1,86.47
2263,783,670,4,15.16
2264,783,378,3,66.48
2265,783,587,5,43.59
2266,784,685,2,72.27
2267,784,158,2,37.7
2268,784,662,3,62.35
2269,784,419,1,55.12
2270,785,200,2,22.3
2271,786,42,2,15.7
2272,786,45,1,15.18
2273,786,280,2,37.21
2274,786,588,3,91.17
2275,786,548,1,53.83
2276,787,557,4,0.84
2277,787,428,5,32.67
2278,787,549,5,38.95
2279,787,512,3,83.72
2280,788,44,4,92.81
2281,789,453,2,52.08
2282,789,654,4,28.18
2283,789,538,4,77.51
2284,789,492,1,72.42
2285,790,304,2,14.09
2286,790,675,4,17.9
2287,791,188,3,4.55
2288,791,18,2,53.19
2289,792,289,4,91.7
2290,793,115,2,40.63
2291,793,93,5,61.3
2292,793,483,5,9.65
2293,793,630,2,19.92
2294,793,458,-5,21.93
2295,794,433,1,34.78
2296,794,420,2,53.92
2297,794,22,2,18.86
2298,794,173,-1,63.18
2299,795,184,5,54.98
2300,795,277,1,55.32
2301,795,251,2,84.25
2302,796,176,1,53.4
2303,796,676,4,45.74
2304,796,579,4,85.78
2305,796,627,2,99.29
2306,796,64,2,50.16
2307,797,690,4,8.33
2308,797,209,3,88.33
2309,797,220,5,75.0
2310,797,496,4,45.49
2311,798,445,3,10.87
2312,798,566,1,66.38
2313,799,206,5,67.3
2314,799,232,5,22.38
2315,800,473,1,32.54
2316,800,615,1,89.57
2317,801,395,4,72.34
2318,801,98,5,63.48
2319,801,667,5,85.63
2320,801,45,3,7.51
2321,802,479,4,11.68
2322,802,622,5,35.23
2323,803,430,5,34.99
2324,803,594,4,67.56
2325,803,547,2,37.69
2326,803,659,4,76.37
2327,803,253,5,57.47
2328,804,142,3,30.8
2329,805,608,2,67.12
2330,805,580,1,73.82
2331,805,167,2,60.78
2332,805,352,4,47.52
2333,805,334,5,59.03
2334,806,65,5,2.16
2335,806,449,1,59.53
2336,806,588,3,49.8
2337,807,361,3,50.91
2338,807,633,5,84.7
2339,807,585,1,24.25
2340,807,292,4,62.99
2341,807,416,2,58.15
2342,808,110,1,31.6
2343,808,390,5,64.0
2344,808,300,4,32.67
2345,808,599,2,88.76
2346,808,547,1,13.95
2347,809,41,5,6.12
2348,809,407,5,53.46
2349,809,410,3,10.44
2350,809,297,-2,87.73
2351,810,569,4,81.48
2352,810,195,5,59.5
2353,810,682,4,85.46
2354,810,43,1,41.6
2355,810,338,-2,92.55
2356,811,380,2,34.49
2357,811,14,4,40.33
2358,811,49,5,77.86
2359,811,1,3,1.73
2360,812,397,5,56.53
2361,812,300,4,66.5
2362,812,100,3,56.95
2363,813,492,4,87.82
2364,813,20,1,63.1
2365,813,670,2,88.86
2366,813,122,1,27.14
2367,813,544,3,96.89
2368,814,616,1,27.43
2369,814,610,3,55.86
2370,815,384,4,77.81
2371,815,169,1,34.42
2372,815,309,5,47.77
2373,815,40,3,76.81
2374,816,186,-5,23.59
2375,816,128,3,2.94
2376,817,315,5,78.55
2377,817,492,3,60.08
2378,817,399,3,84.81
2379,817,311,2,31.25
2380,818,84,3,16.62
2381,818,141,5,74.1
2382,818,295,4,18.48
2383,818,342,1,6.8
2384,819,243,4,42.56
2385,819,656,3,54.56
2386,819,147,2,55.57
2387,819,649,3,17.1
2388,820,685,2,31.26
2389,820,313,4,50.24
2390,820,175,4,8.4
2391,820,698,1,91.62
2392,820,355,5,4.72
2393,821,614,4,26.92
2394,821,95,2,63.86
2395,821,265,3,29.76
2396,822,303,5,80.58
2397,822,115,5,26.0
2398,822,473,5,33.34
2399,822,122,4,3.03
2400,822,365,2,21.78
2401,823,71,2,64.43
2402,824,187,5,17.51
2403,824,438,5,79.44
2404,824,39,4,19.63
2405,824,526,3,43.48
2406,824,486,3,31.35
2407,825,456,3,83.17
2408,826,336,4,78.42
2409,826,232,1,56.45
2410,827,365,4,18.8
2411,828,391,4,37.89
2412,828,509,2,39.75
2413,828,90,1,22.45
2414,829,140,3,62.91
2415,829,602,4,90.6
2416,829,620,1,57.51
2417,829,590,1,11.22
2418,830,610,-5,90.59
2419,830,568,3,70.43
2420,830,349,5,66.36
2421,830,492,3,17.02
2422,830,234,3,73.61
2423,831,530,4,43.8
2424,831,305,5,37.09
2425,831,635,4,71.0
2426,831,687,3,12.64
2427,831,630,5,84.26
2428,832,184,2,74.52
2429,833,552,1,29.92
2430,833,624,5,60.84
2431,833,677,4,46.21
2432,833,679,3,52.91
2433,834,337,2,76.05
2434,834,102,2,39.12
2435,834,273,5,18.22
2436,835,654,2,34.17
2437,835,31,4,11.41
2438,836,592,2,98.58
2439,837,82,1,61.72
2440,837,282,5,16.69
2441,837,345,1,57.71
2442,837,591,3,56.03
2443,837,12,4,58.52
2444,838,383,3,53.85
2445,838,92,1,46.47
2446,839,685,3,67.33
2447,840,125,1,78.73
2448,841,11,2,53.26
2449,842,486,3,72.35
2450,842,315,1,69.01
2451,842,138,3,79.76
2452,842,662,5,4.27
2453,842,323,3,13.56
2454,843,473,4,34.33
2455,843,212,5,37.91
2456,844,144,3,59.96
2457,844,451,5,35.32
2458,844,81,5,0.71
2459,844,223,3,97.54
2460,845,93,4,8.59
2461,845,376,3,82.04
2462,845,649,2,56.81
2463,845,299,3,87.72
2464,846,389,3,95.65
2465,847,44,4,45.69
2466,847,676,2,42.18
2467,847,138,4,34.31
2468,847,521,2,52.12
2469,847,246,4,25.64
2470,848,79,4,32.33
2471,848,36,2,87.22
2472,848,108,3,26.56
2473,848,639,3,3.75
2474,849,560,1,48.66
2475,849,2,2,93.36
2476,849,139,5,26.33
2477,849,503,3,45.33
2478,849,220,5,22.99
2479,850,217,4,4.49
2480,850,23,4,69.52
2481,850,590,5,69.21
2482,851,584,2,53.66
2483,852,629,3,75.44
2484,852,522,3,70.69
2485,852,466,3,89.28
2486,853,503,4,19.65
2487,853,127,4,95.99
2488,854,109,4,82.08
2489,855,208,3,59.06
2490,856,67,4,74.74
2491,856,520,5,23.4
2492,856,506,4,47.49
2493,856,211,1,9.43
2494,856,562,1,62.27
2495,857,358,2,63.69
2496,858,24,4,26.45
2497,858,191,2,92.38
2498,858,559,1,17.04
2499,858,131,2,61.12
2500,859,462,1,27.95
2501,859,473,1,69.01
2502,859,138,5,27.21
2503,860,221,5,5.95
2504,860,164,4,30.96
2505,860,278,2,27.7
2506,860,381,-4,73.02
2507,860,246,5,74.44
2508,861,589,2,7.81
2509,861,417,4,79.35
2510,861,210,2,26.5
2511,862,177,1,82.84
2512,862,430,1,30.55
2513,863,442,-4,54.62
2514,863,102,4,16.98
2515,863,391,2,3.18
2516,863,221,3,23.64
2517,863,52,4,7.01
2518,864,202,5,33.9
2519,864,420,4,3.0
2520,864,557,1,13.66
2521,865,13,4,75.26
2522,865,27,1,17.17
2523,865,473,1,54.05
2524,865,222,4,74.32
2525,865,631,4,65.51
2526,866,146,3,92.2
2527,866,191,3,79.23
2528,866,123,4,16.72
2529,866,26,1,0.63
2530,867,314,1,14.47
2531,867,251,2,29.31
2532,867,417,2,14.42
2533,868,16,2,26.99
2534,868,148,1,73.26
2535,868,351,1,30.51
2536,868,186,4,47.45
2537,869,385,1,18.26
2538,869,632,3,22.46
2539,870,482,1,60.27
2540,870,419,3,2.41
2541,871,277,3,35.08
2542,871,354,4,10.58
2543,872,684,1,42.99
2544,872,114,4,70.31
2545,872,328,5,88.49
2546,872,550,3,42.8
2547,872,596,5,12.69
2548,873,389,5,45.62
2549,873,61,1,23.07
2550,873,10,5,97.67
2551,873,513,1,49.07
2552,874,581,1,57.13
2553,874,134,5,76.85
2554,874,88,2,96.19
2555,874,448,2,78.54
2556,874,308,2,26.9
2557,875,277,2,57.41
2558,875,460,5,27.43
2559,875,41,2,85.57
2560,875,517,2,16.65
2561,876,152,1,76.14
2562,876,15,1,1.82
2563,876,368,5,79.33
2564,876,337,4,59.37
2565,877,5,5,12.13
2566,877,4,1,0.27
2567,877,529,5,85.04
2568,877,534,4,74.14
2569,877,586,2,13.89
2570,878,207,5,57.72
2571,878,468,4,61.78
2572,878,596,-4,79.52
2573,878,690,3,98.9
2574,879,561,4,25.8
2575,880,42,1,81.59
2576,880,52,5,68.43
2577,881,445,1,24.43
2578,881,122,4,9.61
2579,882,326,1,55.53
2580,883,266,2,96.29
2581,883,338,3,1.82
2582,883,514,3,66.47
2583,884,372,2,23.92
2584,885,421,4,60.72
2585,885,31,3,89.06
2586,885,458,3,43.19
2587,885,330,2,9.55
2588,886,142,5,68.87
2589,886,274,2,65.26
2590,886,660,5,92.24
2591,886,17,3,14.93
2592,886,143,4,53.09
2593,887,72,4,91.27
2594,887,509,2,15.98
2595,887,269,2,45.44
2596,887,333,1,15.95
2597,887,140,1,56.0
2598,888,565,1,68.66
2599,888,340,1,78.63
2600,889,355,3,89.23
2601,889,579,1,6.08
2602,889,19,5,5.54
2603,890,419,2,52.24
2604,890,25,4,8.97
2605,890,56,2,90.41
2606,890,88,5,92.52
2607,891,71,1,26.45
2608,891,360,5,1.15
2609,891,92,4,32.51
2610,891,129,3,72.54
2611,892,671,4,21.88
2612,892,182,3,96.64
2613,892,148,1,33.29
2614,893,375,4,79.85
2615,894,317,2,34.97
2616,894,504,4,99.92
2617,895,174,2,66.82
2618,895,168,2,98.69
2619,895,326,5,41.83
2620,895,104,4,93.19
2621,895,696,4,85.59
2622,896,79,4,44.2
2623,896,637,3,29.35
2624,896,453,4,66.24
2625,897,62,1,93.26
2626,897,655,5,56.56
2627,897,213,3,12.56
2628,897,371,3,81.17
2629,897,16,3,72.61
2630,898,561,1,63.72
2631,898,157,3,75.12
2632,898,114,2,57.48
2633,898,155,-2,39.97
2634,899,290,1,71.03
2635,899,659,4,54.67
2636,899,91,1,46.36
2637,900,685,4,22.53
