order_id,customer_id,order_date,status
1,711.0,2025-01-26 00:16:36,SHIPPED
2,215.0,2025-08-09 15:30:55,PLACED
3,782.0,2025-05-31 17:36:43,PLACED
4,-1.0,2025-02-14 03:01:30,CANCELLED
5,-1.0,2026-02-20 14:05:53,RETURNED
6,481.0,2025-04-23 05:10:15,DELIVERED
7,-1.0,2025-03-05 18:33:36,PLACED
8,127.0,2025-08-09 12:12:25,SHIPPED
9,205.0,2026-06-16 09:55:32,DELIVERED
10,-1.0,2024-09-27 07:00:11,DELIVERED
11,357.0,2025-08-10 06:26:19,RETURNED
12,628.0,2025-04-02 15:12:10,RETURNED
13,593.0,2026-03-26 20:51:23,RETURNED
14,197.0,2025-10-07 02:47:54,SHIPPED
15,551.0,2025-11-06 11:45:55,PLACED
16,517.0,2025-02-02 06:59:09,CANCELLED
17,604.0,2025-01-31 15:17:10,PLACED
18,364.0,2026-02-24 05:53:02,CANCELLED
19,234.0,2025-01-20 16:37:32,DELIVERED
20,113.0,2025-09-17 21:33:59,CANCELLED
21,722.0,2025-06-19 23:59:35,PLACED
22,506.0,2025-11-23 10:56:18,DELIVERED
23,754.0,2025-01-10 19:07:37,CANCELLED
24,418.0,2025-11-20 23:18:32,CANCELLED
25,72.0,2026-02-01 00:02:49,CANCELLED
26,377.0,2025-08-01 23:36:47,CANCELLED
27,406.0,2025-11-25 05:29:17,PLACED
28,405.0,2026-07-13 16:37:28,RETURNED
29,760.0,2025-03-04 00:09:17,SHIPPED
30,204.0,2024-07-25 21:30:24,RETURNED
31,414.0,2024-07-24 08:39:31,CANCELLED
32,286.0,2024-09-05 19:21:34,RETURNED
33,775.0,2025-05-14 13:52:28,CANCELLED
34,683.0,2025-08-05 20:44:22,CANCELLED
35,524.0,2025-11-30 21:54:27,CANCELLED
36,257.0,2025-03-31 22:40:32,SHIPPED
37,138.0,2025-12-29 22:48:17,PLACED
38,511.0,2025-01-18 04:10:48,SHIPPED
39,696.0,2024-08-12 00:51:44,DELIVERED
40,99.0,2025-10-13 15:02:00,RETURNED
41,478.0,2024-08-28 17:17:05,CANCELLED
42,268.0,2025-09-25 04:12:39,RETURNED
43,783.0,2026-05-02 04:39:29,CANCELLED
44,122.0,2024-12-23 13:19:31,DELIVERED
45,454.0,2025-09-29 00:11:17,PLACED
46,676.0,2024-10-15 03:13:29,DELIVERED
47,169.0,2026-06-17 19:40:00,SHIPPED
48,399.0,2024-09-19 06:32:35,PLACED
49,503.0,2025-10-02 21:07:10,RETURNED
50,488.0,2025-04-18 19:10:53,SHIPPED
51,401.0,2026-01-27 03:38:46,RETURNED
52,632.0,2025-11-03 10:49:57,DELIVERED
53,29.0,2026-02-24 21:22:35,SHIPPED
54,358.0,2024-11-30 03:19:59,RETURNED
55,-1.0,2024-10-07 03:20:29,DELIVERED
56,439.0,2024-11-29 18:28:08,DELIVERED
57,58.0,2025-02-18 08:17:39,SHIPPED
58,320.0,2025-11-12 15:14:21,PLACED
59,118.0,2024-09-11 11:26:35,PLACED
60,39.0,2025-06-14 09:37:01,CANCELLED
61,432.0,2026-07-15 04:15:28,CANCELLED
62,325.0,2026-01-31 04:05:36,CANCELLED
63,101.0,2025-12-05 19:45:12,PLACED
64,211.0,2025-11-17 19:44:12,RETURNED
65,684.0,2026-01-31 17:25:33,RETURNED
66,447.0,2025-01-22 03:33:37,PLACED
67,549.0,2026-02-08 11:27:53,DELIVERED
68,-1.0,2025-02-05 17:19:46,CANCELLED
69,640.0,2024-09-01 17:48:15,PLACED
70,593.0,2025-04-28 00:38:22,DELIVERED
71,581.0,2026-07-15 16:43:34,CANCELLED
72,356.0,2025-01-22 19:22:26,DELIVERED
73,308.0,2026-03-03 21:41:35,RETURNED
74,425.0,2024-11-25 03:25:58,RETURNED
75,688.0,2024-09-06 20:43:10,SHIPPED
76,643.0,2026-07-03 14:48:52,SHIPPED
77,219.0,2024-12-11 18:05:35,CANCELLED
78,654.0,2025-04-30 23:32:14,RETURNED
79,445.0,2025-11-01 16:21:35,PLACED
80,374.0,2024-10-05 09:00:34,SHIPPED
81,702.0,2025-08-17 02:09:43,CANCELLED
82,66.0,2025-05-29 04:35:21,CANCELLED
83,294.0,2025-10-09 15:49:15,DELIVERED
84,242.0,2024-10-03 18:46:39,PLACED
85,29.0,2025-06-05 17:39:25,DELIVERED
86,574.0,2025-01-23 08:39:23,CANCELLED
87,38.0,2024-08-12 15:13:23,DELIVERED
88,265.0,2024-09-07 14:29:37,DELIVERED
89,181.0,2025-12-31 15:01:51,PLACED
90,498.0,2026-02-05 22:12:27,PLACED
91,86.0,2024-07-31 21:02:02,DELIVERED
92,417.0,2025-07-16 17:31:12,PLACED
93,742.0,2025-11-07 01:46:48,SHIPPED
94,753.0,2024-07-18 19:16:10,PLACED
95,595.0,2024-08-14 19:22:29,RETURNED
96,93.0,2025-04-29 09:50:00,PLACED
97,321.0,2024-11-05 21:58:05,RETURNED
98,767.0,2025-03-16 02:29:42,CANCELLED
99,110.0,2025-04-30 00:40:29,DELIVERED
100,261.0,2024-07-20 20:59:27,PLACED
101,384.0,2025-12-17 01:27:40,PLACED
102,434.0,2026-02-01 08:41:46,SHIPPED
103,149.0,2025-07-02 10:34:10,DELIVERED
104,22.0,2025-05-09 05:15:47,RETURNED
105,-1.0,2025-12-31 18:55:39,PLACED
106,688.0,2026-03-03 12:29:07,RETURNED
107,655.0,2024-09-07 09:00:45,DELIVERED
108,702.0,2024-12-30 03:29:49,SHIPPED
109,398.0,2025-04-24 23:35:36,CANCELLED
110,262.0,2025-12-03 15:51:25,SHIPPED
111,165.0,2026-02-07 19:39:42,DELIVERED
112,786.0,2024-10-14 16:56:34,PLACED
113,83.0,2025-08-13 04:45:09,CANCELLED
114,423.0,2026-07-12 12:20:16,DELIVERED
115,103.0,2025-03-18 17:45:48,DELIVERED
116,361.0,2025-02-24 09:05:42,RETURNED
117,465.0,2024-08-27 11:42:18,PLACED
118,189.0,2026-07-16 11:15:39,SHIPPED
119,-1.0,2025-11-02 20:15:23,DELIVERED
120,85.0,2025-04-11 01:17:36,SHIPPED
121,787.0,2026-04-02 12:26:32,SHIPPED
122,703.0,2025-03-23 13:52:34,DELIVERED
123,753.0,2026-03-24 15:15:01,SHIPPED
124,336.0,2026-01-24 15:57:25,SHIPPED
125,377.0,2025-02-14 23:28:29,CANCELLED
126,585.0,2024-12-13 13:04:09,PLACED
127,663.0,2025-08-27 04:51:23,SHIPPED
128,474.0,2026-06-24 22:01:53,SHIPPED
129,-1.0,2025-11-12 19:43:53,RETURNED
130,92.0,2025-02-21 11:42:36,SHIPPED
131,121.0,2025-04-29 03:11:14,RETURNED
132,465.0,2024-10-04 03:51:51,CANCELLED
133,731.0,2025-12-03 08:30:58,DELIVERED
134,507.0,2025-07-08 13:12:18,CANCELLED
135,615.0,2026-04-25 19:12:29,DELIVERED
136,194.0,2025-06-03 02:34:46,CANCELLED
137,30.0,2024-12-03 13:39:33,DELIVERED
138,462.0,2024-08-13 05:54:13,DELIVERED
139,663.0,2024-08-05 16:44:19,PLACED
140,332.0,2026-07-16 00:10:36,CANCELLED
141,731.0,2025-01-08 09:03:55,CANCELLED
142,263.0,2025-04-28 03:44:39,RETURNED
143,341.0,2026-02-17 05:58:52,CANCELLED
144,621.0,2025-10-31 03:58:20,RETURNED
145,47.0,2025-07-18 04:16:52,RETURNED
146,310.0,2026-06-23 01:09:58,DELIVERED
147,573.0,2026-03-03 03:45:44,SHIPPED
148,516.0,2026-06-24 05:34:20,DELIVERED
149,136.0,2024-07-30 03:53:46,RETURNED
150,267.0,2025-03-23 00:14:32,PLACED
151,512.0,2025-03-21 20:46:44,DELIVERED
152,441.0,2025-12-26 20:29:40,DELIVERED
153,780.0,2025-05-10 09:13:39,RETURNED
154,169.0,2024-12-19 19:05:55,CANCELLED
155,155.0,2025-11-07 19:02:30,CANCELLED
156,153.0,2025-08-04 07:08:27,SHIPPED
157,-1.0,2026-06-04 21:15:41,CANCELLED
158,507.0,2026-04-14 19:59:16,DELIVERED
159,575.0,2025-08-14 02:47:43,CANCELLED
160,738.0,2026-01-10 11:49:04,PLACED
161,209.0,2025-01-04 08:39:04,SHIPPED
162,768.0,2024-09-08 18:54:53,DELIVERED
163,680.0,2026-01-06 09:47:07,RETURNED
164,5.0,2025-07-10 07:07:33,RETURNED
165,79.0,2024-08-01 02:15:43,CANCELLED
166,337.0,2026-05-11 20:16:59,PLACED
167,605.0,2025-10-12 21:03:40,PLACED
168,158.0,2025-01-11 10:39:09,CANCELLED
169,676.0,2025-11-04 02:16:14,DELIVERED
170,6.0,2024-07-28 15:54:08,PLACED
171,464.0,2025-10-23 07:34:32,RETURNED
172,50.0,2026-05-10 00:09:52,DELIVERED
173,57.0,2026-03-09 16:51:52,RETURNED
174,391.0,2024-09-27 05:44:22,DELIVERED
175,790.0,2025-10-07 15:46:39,PLACED
176,-1.0,2026-03-20 09:03:05,CANCELLED
177,292.0,2024-09-02 21:19:58,SHIPPED
178,503.0,2026-03-07 07:33:25,DELIVERED
179,618.0,2024-10-09 13:48:07,PLACED
180,525.0,2025-09-25 18:55:00,CANCELLED
181,488.0,2025-10-10 20:57:44,RETURNED
182,775.0,2024-09-02 06:28:29,DELIVERED
183,445.0,2024-12-13 04:39:56,PLACED
184,-1.0,2025-03-21 14:11:45,CANCELLED
185,664.0,2026-03-20 18:35:06,SHIPPED
186,540.0,2026-01-08 05:03:54,RETURNED
187,480.0,2025-05-07 19:52:50,CANCELLED
188,131.0,2024-10-14 09:54:32,DELIVERED
189,536.0,2025-11-29 21:10:04,RETURNED
190,-1.0,2025-08-20 22:14:55,PLACED
191,523.0,2025-03-10 02:01:05,PLACED
192,738.0,2026-06-22 20:34:57,DELIVERED
193,600.0,2024-12-20 22:20:12,RETURNED
194,-1.0,2024-08-20 11:15:36,CANCELLED
195,187.0,2024-11-21 20:51:34,PLACED
196,722.0,2024-09-02 08:26:03,RETURNED
197,776.0,2025-02-03 05:49:31,RETURNED
198,350.0,2026-01-22 13:03:47,SHIPPED
199,81.0,2024-11-17 22:14:43,RETURNED
200,690.0,2025-04-14 09:26:50,RETURNED
201,-1.0,2024-11-15 16:52:00,PLACED
202,489.0,2025-01-12 03:31:08,CANCELLED
203,763.0,2025-09-16 07:09:15,CANCELLED
204,632.0,2024-10-23 14:15:10,CANCELLED
205,90.0,2026-02-16 00:24:27,PLACED
206,17.0,2025-10-22 23:23:28,SHIPPED
207,215.0,2025-04-18 22:12:27,SHIPPED
208,447.0,2024-11-10 09:43:12,RETURNED
209,309.0,2026-04-21 17:15:21,SHIPPED
210,23.0,2024-09-15 03:14:55,SHIPPED
211,456.0,2024-07-23 10:42:22,CANCELLED
212,-1.0,2026-05-25 16:38:49,SHIPPED
213,584.0,2025-12-16 10:18:24,CANCELLED
214,9.0,2025-09-24 21:03:25,CANCELLED
215,508.0,2025-02-10 10:18:13,RETURNED
216,298.0,2025-12-06 18:13:46,CANCELLED
217,606.0,2026-02-16 21:14:33,CANCELLED
218,63.0,2025-06-30 21:16:50,CANCELLED
219,567.0,2024-10-18 20:40:32,CANCELLED
220,120.0,2024-10-30 16:36:22,DELIVERED
221,447.0,2025-02-01 02:13:10,DELIVERED
222,481.0,2025-06-12 04:35:26,SHIPPED
223,602.0,2025-01-08 22:32:26,DELIVERED
224,733.0,2024-11-22 16:10:00,SHIPPED
225,741.0,2025-12-05 10:08:51,CANCELLED
226,690.0,2025-09-26 17:36:45,DELIVERED
227,166.0,2025-12-24 01:38:34,DELIVERED
228,89.0,2025-10-08 06:13:20,SHIPPED
229,161.0,2024-09-20 11:12:14,PLACED
230,506.0,2026-03-13 21:34:20,SHIPPED
231,19.0,2025-02-23 04:32:54,DELIVERED
232,163.0,2025-05-20 02:00:41,RETURNED
233,-1.0,2025-08-29 13:34:10,CANCELLED
234,233.0,2024-12-05 08:24:26,SHIPPED
235,349.0,2026-07-08 20:43:04,PLACED
236,571.0,2026-07-01 16:41:52,SHIPPED
237,528.0,2025-10-13 06:41:00,PLACED
238,449.0,2026-04-09 09:02:43,PLACED
239,626.0,2026-07-08 23:50:56,PLACED
240,43.0,2025-07-23 22:01:10,SHIPPED
241,211.0,2025-06-22 06:28:14,SHIPPED
242,726.0,2025-10-18 18:55:44,RETURNED
243,102.0,2024-12-17 04:31:13,DELIVERED
244,142.0,2024-08-25 22:26:21,SHIPPED
245,426.0,2024-10-08 11:29:41,PLACED
246,486.0,2024-11-04 04:04:00,RETURNED
247,273.0,2026-03-26 12:50:03,CANCELLED
248,681.0,2026-05-14 23:45:54,RETURNED
249,234.0,2025-07-16 14:14:59,CANCELLED
250,420.0,2024-11-11 20:53:13,RETURNED
251,371.0,2026-05-23 03:55:10,CANCELLED
252,11.0,2024-08-26 15:14:41,RETURNED
253,87.0,2025-04-10 04:55:00,CANCELLED
254,169.0,2024-12-18 06:29:07,CANCELLED
255,677.0,2025-01-17 19:09:47,SHIPPED
256,60.0,2025-10-11 17:50:21,RETURNED
257,430.0,2026-04-29 08:30:24,RETURNED
258,739.0,2025-06-14 04:25:31,DELIVERED
259,-1.0,2024-10-02 10:43:09,RETURNED
260,151.0,2024-08-25 11:42:07,CANCELLED
261,558.0,2025-08-14 16:48:26,RETURNED
262,715.0,2024-11-10 14:50:18,CANCELLED
263,309.0,2024-08-08 09:36:58,RETURNED
264,743.0,2025-07-29 07:06:12,SHIPPED
265,554.0,2024-09-07 22:19:59,PLACED
266,320.0,2025-01-06 01:13:20,SHIPPED
267,-1.0,2025-06-08 02:26:41,RETURNED
268,248.0,2025-09-14 16:09:49,DELIVERED
269,518.0,2025-05-20 06:55:38,PLACED
270,266.0,2026-01-14 21:37:29,DELIVERED
271,775.0,2026-05-05 09:53:54,PLACED
272,587.0,2025-01-02 05:25:00,CANCELLED
273,242.0,2024-10-06 14:51:18,RETURNED
274,643.0,2024-12-31 13:25:27,RETURNED
275,307.0,2025-01-07 09:06:14,RETURNED
276,732.0,2025-05-15 13:29:02,SHIPPED
277,529.0,2024-12-11 05:35:17,DELIVERED
278,151.0,2026-04-30 07:02:40,CANCELLED
279,64.0,2024-09-09 21:08:46,SHIPPED
280,457.0,2025-09-18 13:36:54,RETURNED
281,573.0,2024-08-26 20:42:36,CANCELLED
282,599.0,2025-06-01 13:26:08,CANCELLED
283,706.0,2024-12-23 01:45:44,CANCELLED
284,427.0,2025-10-06 08:21:18,SHIPPED
285,497.0,2024-11-25 05:44:04,SHIPPED
286,526.0,2025-04-16 23:49:11,PLACED
287,467.0,2025-06-17 12:56:23,SHIPPED
288,379.0,2024-12-06 23:53:22,PLACED
289,419.0,2025-04-06 02:41:22,DELIVERED
290,42.0,2025-01-31 04:12:49,PLACED
291,384.0,2025-03-20 12:44:39,CANCELLED
292,-1.0,2024-08-10 14:43:32,RETURNED
293,313.0,2025-09-06 13:38:06,SHIPPED
294,758.0,2025-02-08 03:28:33,PLACED
295,70.0,2024-10-07 07:58:22,CANCELLED
296,318.0,2025-06-23 05:34:56,DELIVERED
297,487.0,2025-05-19 16:09:28,RETURNED
298,142.0,2026-01-24 13:58:01,CANCELLED
299,684.0,2024-12-25 18:25:32,DELIVERED
300,640.0,2025-02-18 18:41:18,CANCELLED
301,405.0,2024-11-09 16:47:33,PLACED
302,454.0,2026-02-18 13:59:52,PLACED
303,725.0,2026-06-14 03:23:31,DELIVERED
304,127.0,2026-05-10 16:13:09,PLACED
305,634.0,2025-09-13 11:24:22,PLACED
306,535.0,2025-08-25 22:42:18,CANCELLED
307,20.0,2025-01-01 23:05:20,RETURNED
308,20.0,2025-05-14 21:43:03,SHIPPED
309,723.0,2025-08-03 07:27:30,RETURNED
310,547.0,2026-04-08 23:43:06,CANCELLED
311,504.0,2024-12-23 06:37:35,PLACED
312,185.0,2025-06-29 01:02:25,RETURNED
313,264.0,2025-06-21 04:59:45,PLACED
314,293.0,2024-07-28 18:19:59,DELIVERED
315,158.0,2025-05-26 21:29:02,CANCELLED
316,61.0,2026-04-16 14:02:10,DELIVERED
317,731.0,2025-01-15 04:55:13,CANCELLED
318,146.0,2025-05-31 09:05:55,DELIVERED
319,124.0,2024-12-27 15:11:04,SHIPPED
320,601.0,2026-05-26 16:11:13,RETURNED
321,395.0,2026-06-09 09:18:02,DELIVERED
322,476.0,2026-05-16 15:34:03,PLACED
323,418.0,2026-05-05 07:46:40,PLACED
324,601.0,2025-05-19 08:14:03,SHIPPED
325,668.0,2024-08-19 11:22:33,DELIVERED
326,457.0,2026-07-12 06:35:23,RETURNED
327,146.0,2026-01-04 23:00:47,SHIPPED
328,551.0,2025-07-21 11:44:14,RETURNED
329,2.0,2025-05-25 03:11:07,RETURNED
330,172.0,2025-05-02 05:05:25,CANCELLED
331,257.0,2026-03-01 15:37:11,CANCELLED
332,648.0,2025-12-09 01:27:12,RETURNED
333,166.0,2024-09-27 18:08:00,RETURNED
334,92.0,2025-07-14 23:09:29,PLACED
335,743.0,2024-09-16 20:46:45,DELIVERED
336,216.0,2026-01-19 06:40:21,DELIVERED
337,351.0,2025-12-06 12:12:15,CANCELLED
338,679.0,2025-05-11 04:41:29,DELIVERED
339,614.0,2024-12-24 10:02:37,SHIPPED
340,3.0,2025-04-05 23:27:17,PLACED
341,689.0,2025-01-08 19:11:08,RETURNED
342,721.0,2026-07-17 21:11:58,CANCELLED
343,665.0,2024-07-29 19:20:18,RETURNED
344,-1.0,2025-11-18 21:16:11,CANCELLED
345,362.0,2024-11-13 08:42:29,CANCELLED
346,367.0,2025-06-18 15:59:05,PLACED
347,380.0,2025-09-07 19:42:03,CANCELLED
348,-1.0,2025-09-17 12:30:27,DELIVERED
349,727.0,2026-07-01 10:11:56,PLACED
350,641.0,2025-06-21 22:29:15,SHIPPED
351,506.0,2024-10-27 10:20:47,PLACED
352,721.0,2025-12-13 19:04:55,SHIPPED
353,-1.0,2024-11-30 06:26:18,CANCELLED
354,285.0,2026-04-15 19:41:11,CANCELLED
355,199.0,2025-10-19 01:00:26,RETURNED
356,618.0,2025-12-14 08:31:54,PLACED
357,764.0,2024-07-19 03:57:55,DELIVERED
358,234.0,2025-10-19 09:40:09,DELIVERED
359,695.0,2025-04-25 07:34:37,RETURNED
360,698.0,2025-12-04 17:58:02,CANCELLED
361,-1.0,2025-08-09 23:53:56,PLACED
362,331.0,2025-02-19 19:43:54,CANCELLED
363,697.0,2026-01-19 03:19:47,CANCELLED
364,778.0,2025-12-10 02:01:24,SHIPPED
365,-1.0,2025-10-08 14:08:10,RETURNED
366,6.0,2025-09-11 08:42:13,DELIVERED
367,586.0,2024-12-16 11:39:01,SHIPPED
368,434.0,2025-11-30 07:16:47,SHIPPED
369,338.0,2025-10-14 09:34:53,PLACED
370,-1.0,2025-03-20 09:17:47,PLACED
371,642.0,2026-05-30 03:42:00,DELIVERED
372,485.0,2025-07-29 04:10:17,DELIVERED
373,342.0,2026-05-13 21:48:50,SHIPPED
374,795.0,2025-04-10 01:21:56,CANCELLED
375,641.0,2024-08-24 20:01:44,PLACED
376,63.0,2025-04-23 21:50:30,CANCELLED
377,711.0,2025-06-23 02:24:06,SHIPPED
378,453.0,2024-08-17 00:38:52,RETURNED
379,68.0,2025-04-11 20:11:09,PLACED
380,302.0,2025-11-03 15:30:37,CANCELLED
381,771.0,2025-12-15 01:33:54,RETURNED
382,639.0,2025-08-31 19:00:08,CANCELLED
383,439.0,2026-02-03 06:00:47,RETURNED
384,667.0,2024-10-27 06:31:22,PLACED
385,337.0,2025-03-19 19:53:05,PLACED
386,610.0,2025-08-16 08:39:35,RETURNED
387,199.0,2025-11-04 06:41:17,SHIPPED
388,263.0,2026-01-07 19:27:07,CANCELLED
389,456.0,2026-01-18 16:37:13,SHIPPED
390,62.0,2026-04-15 12:18:57,RETURNED
391,668.0,2025-12-13 13:58:31,DELIVERED
392,555.0,2026-01-19 08:20:05,SHIPPED
393,618.0,2026-01-24 23:32:42,DELIVERED
394,531.0,2025-03-09 06:16:35,SHIPPED
395,520.0,2026-05-05 02:11:22,RETURNED
396,433.0,2025-07-21 00:20:07,SHIPPED
397,207.0,2025-05-23 02:38:56,DELIVERED
398,488.0,2024-08-26 22:49:30,CANCELLED
399,340.0,2025-04-16 12:03:02,RETURNED
400,631.0,2025-06-13 15:30:17,DELIVERED
401,466.0,2025-07-19 11:14:27,PLACED
402,4.0,2026-03-16 03:30:11,SHIPPED
403,219.0,2025-06-26 14:44:43,DELIVERED
404,385.0,2025-08-10 17:09:09,SHIPPED
405,7.0,2026-03-13 02:12:26,PLACED
406,569.0,2026-05-06 04:48:19,DELIVERED
407,647.0,2025-06-13 07:55:35,DELIVERED
408,-1.0,2025-04-13 02:12:53,SHIPPED
409,225.0,2025-11-22 00:08:40,SHIPPED
410,568.0,2025-12-06 13:18:46,SHIPPED
411,-1.0,2026-07-02 15:21:56,PLACED
412,-1.0,2026-04-24 06:40:32,CANCELLED
413,114.0,2024-12-02 18:10:59,SHIPPED
414,246.0,2026-04-24 21:33:13,DELIVERED
415,540.0,2024-09-19 22:42:49,RETURNED
416,729.0,2025-04-29 13:19:00,SHIPPED
417,134.0,2024-11-25 18:54:05,SHIPPED
418,712.0,2026-06-18 03:45:06,RETURNED
419,652.0,2024-09-12 09:03:42,PLACED
420,602.0,2024-11-15 12:39:39,RETURNED
421,153.0,2024-10-08 00:01:11,PLACED
422,287.0,2024-11-03 05:55:04,RETURNED
423,501.0,2024-11-05 02:31:06,PLACED
424,680.0,2024-12-14 08:58:46,SHIPPED
425,770.0,2026-06-13 15:54:08,RETURNED
426,532.0,2024-08-03 17:51:12,DELIVERED
427,539.0,2025-05-18 10:34:45,CANCELLED
428,596.0,2025-11-28 15:37:37,RETURNED
429,213.0,2026-05-29 18:33:08,SHIPPED
430,241.0,2025-06-29 08:19:55,DELIVERED
431,387.0,2025-05-21 01:34:32,DELIVERED
432,87.0,2026-01-08 01:13:22,PLACED
433,532.0,2024-08-02 20:40:33,RETURNED
434,-1.0,2024-12-03 06:34:45,DELIVERED
435,479.0,2024-08-03 06:23:38,DELIVERED
436,325.0,2026-02-24 00:08:47,PLACED
437,240.0,2026-03-20 01:57:27,PLACED
438,85.0,2025-08-01 17:47:43,RETURNED
439,660.0,2025-03-20 12:29:57,DELIVERED
440,101.0,2025-09-13 21:37:47,DELIVERED
441,-1.0,2025-11-09 04:32:13,SHIPPED
442,257.0,2026-02-12 22:17:08,DELIVERED
443,619.0,2025-07-08 06:58:43,RETURNED
444,9.0,2025-11-16 13:30:53,DELIVERED
445,414.0,2025-08-09 10:40:42,RETURNED
446,13.0,2025-08-22 19:32:55,RETURNED
447,153.0,2025-06-17 17:37:08,SHIPPED
448,768.0,2025-09-05 12:50:32,SHIPPED
449,566.0,2026-05-05 08:18:21,CANCELLED
450,88.0,2025-02-27 01:22:54,SHIPPED
451,715.0,2026-02-14 17:07:16,CANCELLED
452,572.0,2024-12-30 19:53:26,SHIPPED
453,132.0,2025-04-15 20:04:17,PLACED
454,675.0,2025-02-13 15:42:03,DELIVERED
455,436.0,2026-03-27 19:11:56,CANCELLED
456,708.0,2024-11-03 12:39:18,DELIVERED
457,582.0,2025-02-10 21:42:28,SHIPPED
458,339.0,2026-06-16 15:56:27,RETURNED
459,588.0,2025-10-13 01:35:12,CANCELLED
460,401.0,2024-11-12 14:56:58,CANCELLED
461,112.0,2025-08-13 04:58:25,CANCELLED
462,312.0,2024-11-28 07:42:46,PLACED
463,182.0,2024-11-23 06:22:28,RETURNED
464,192.0,2025-12-17 10:19:24,CANCELLED
465,239.0,2026-05-10 01:01:12,RETURNED
466,59.0,2026-02-18 12:06:08,PLACED
467,421.0,2024-11-12 23:05:55,PLACED
468,429.0,2024-10-11 13:47:49,PLACED
469,212.0,2026-07-14 02:24:37,SHIPPED
470,727.0,2025-09-10 20:21:29,SHIPPED
471,318.0,2025-06-05 05:30:23,RETURNED
472,470.0,2025-04-14 04:58:23,PLACED
473,457.0,2024-12-15 00:44:38,CANCELLED
474,253.0,2025-12-16 17:11:56,RETURNED
475,472.0,2025-11-16 08:13:09,PLACED
476,295.0,2026-07-02 14:16:50,CANCELLED
477,729.0,2024-11-03 05:44:44,CANCELLED
478,180.0,2025-06-10 17:42:08,SHIPPED
479,751.0,2026-06-30 17:27:16,CANCELLED
480,188.0,2025-08-11 23:37:50,PLACED
481,45.0,2024-10-14 21:57:48,SHIPPED
482,644.0,2024-08-05 09:02:07,PLACED
483,740.0,2026-05-29 07:06:42,CANCELLED
484,781.0,2026-01-30 13:21:00,DELIVERED
485,108.0,2026-06-10 12:14:28,DELIVERED
486,169.0,2026-05-26 22:00:02,RETURNED
487,-1.0,2024-11-09 03:54:34,CANCELLED
488,764.0,2026-06-26 20:15:56,SHIPPED
489,11.0,2025-08-21 02:49:15,SHIPPED
490,767.0,2025-07-23 19:42:36,CANCELLED
491,562.0,2025-11-02 23:13:44,CANCELLED
492,286.0,2025-02-19 01:37:11,SHIPPED
493,622.0,2026-05-03 15:54:18,DELIVERED
494,760.0,2026-06-26 10:43:04,PLACED
495,12.0,2026-01-20 01:39:31,SHIPPED
496,183.0,2026-07-14 07:32:30,PLACED
497,546.0,2025-11-17 07:36:51,PLACED
498,536.0,2026-02-22 05:50:39,PLACED
499,316.0,2026-01-01 08:32:18,RETURNED
500,-1.0,2026-05-22 21:14:27,SHIPPED
501,384.0,2025-03-22 13:42:41,SHIPPED
502,432.0,2024-10-08 05:07:19,PLACED
503,197.0,2025-07-03 01:19:39,PLACED
504,99.0,2024-08-16 10:44:16,SHIPPED
505,46.0,2025-11-25 10:34:31,PLACED
506,331.0,2024-10-11 13:04:27,SHIPPED
507,555.0,2024-08-05 06:45:47,CANCELLED
508,219.0,2025-10-12 06:09:27,DELIVERED
509,412.0,2024-12-26 03:23:18,PLACED
510,470.0,2025-04-05 05:42:38,DELIVERED
511,378.0,2025-03-13 13:45:32,SHIPPED
512,786.0,2025-10-05 09:52:25,PLACED
513,583.0,2024-12-07 17:19:49,PLACED
514,647.0,2025-08-06 17:14:38,SHIPPED
515,651.0,2026-02-08 21:08:36,DELIVERED
516,683.0,2026-01-29 12:24:07,DELIVERED
517,-1.0,2024-12-08 03:15:06,CANCELLED
518,656.0,2024-09-17 05:30:37,RETURNED
519,14.0,2026-03-30 16:13:57,RETURNED
520,128.0,2025-11-24 18:00:32,CANCELLED
521,635.0,2026-06-17 16:39:27,SHIPPED
522,304.0,2026-07-01 00:00:30,CANCELLED
523,39.0,2025-05-02 06:54:14,RETURNED
524,455.0,2025-07-11 10:39:42,DELIVERED
525,326.0,2025-10-01 18:34:42,PLACED
526,425.0,2025-07-26 20:24:36,DELIVERED
527,235.0,2024-08-28 02:39:30,DELIVERED
528,211.0,2025-11-17 05:29:12,SHIPPED
529,713.0,2025-05-04 13:51:16,RETURNED
530,534.0,2025-12-23 03:59:30,CANCELLED
531,67.0,2025-05-26 13:14:46,PLACED
532,54.0,2025-04-26 05:11:58,SHIPPED
533,129.0,2024-07-27 01:46:54,RETURNED
534,210.0,2025-03-27 03:02:03,PLACED
535,479.0,2025-02-28 05:15:46,SHIPPED
536,181.0,2025-06-08 15:41:01,DELIVERED
537,460.0,2025-08-31 23:49:12,SHIPPED
538,493.0,2024-12-22 17:31:21,DELIVERED
539,172.0,2026-04-27 16:37:39,CANCELLED
540,753.0,2026-01-10 20:09:57,SHIPPED
541,494.0,2025-05-17 18:19:46,CANCELLED
542,86.0,2025-06-06 09:49:57,DELIVERED
543,157.0,2024-11-14 19:33:08,SHIPPED
544,475.0,2025-12-31 23:01:00,DELIVERED
545,621.0,2026-05-04 22:31:04,DELIVERED
546,481.0,2026-01-01 09:37:14,SHIPPED
547,-1.0,2025-05-16 17:30:19,DELIVERED
548,426.0,2026-03-20 11:50:44,DELIVERED
549,316.0,2025-09-27 22:46:49,RETURNED
550,40.0,2024-10-31 02:16:24,PLACED
551,580.0,2025-02-24 16:09:40,CANCELLED
552,790.0,2026-07-10 03:54:17,DELIVERED
553,501.0,2025-08-05 21:23:03,DELIVERED
554,667.0,2025-03-20 04:25:26,CANCELLED
555,249.0,2026-05-30 19:38:56,DELIVERED
556,693.0,2025-09-22 15:33:26,SHIPPED
557,467.0,2025-04-18 15:55:12,SHIPPED
558,617.0,2024-07-23 00:05:50,SHIPPED
559,-1.0,2025-10-27 19:17:55,CANCELLED
560,601.0,2025-02-02 19:55:44,PLACED
561,194.0,2024-11-22 22:11:56,SHIPPED
562,259.0,2025-06-20 17:43:26,RETURNED
563,675.0,2025-09-06 00:29:42,RETURNED
564,422.0,2026-05-17 11:09:26,PLACED
565,587.0,2024-12-10 17:20:47,DELIVERED
566,276.0,2026-03-18 03:15:26,CANCELLED
567,7.0,2025-02-14 14:47:16,CANCELLED
568,-1.0,2025-07-11 12:46:12,CANCELLED
569,671.0,2026-03-11 04:58:46,CANCELLED
570,384.0,2025-02-23 18:27:11,SHIPPED
571,187.0,2025-09-18 15:38:55,PLACED
572,218.0,2025-07-14 02:23:28,PLACED
573,778.0,2026-01-09 14:51:33,CANCELLED
574,640.0,2024-12-29 04:14:21,SHIPPED
575,88.0,2026-02-16 03:20:23,DELIVERED
576,31.0,2024-11-07 16:19:58,CANCELLED
577,779.0,2025-02-22 10:29:04,PLACED
578,8.0,2025-10-29 01:57:54,PLACED
579,535.0,2025-10-26 03:56:15,CANCELLED
580,780.0,2024-10-16 21:04:07,CANCELLED
581,346.0,2025-11-16 14:32:01,DELIVERED
582,352.0,2025-02-13 07:41:04,SHIPPED
583,682.0,2024-11-26 04:43:40,RETURNED
584,365.0,2026-05-11 13:31:18,PLACED
585,-1.0,2025-11-01 04:08:04,CANCELLED
586,143.0,2024-08-07 22:42:01,PLACED
587,287.0,2026-01-27 18:44:01,SHIPPED
588,634.0,2025-07-13 07:58:42,CANCELLED
589,677.0,2026-06-27 04:35:45,DELIVERED
590,-1.0,2025-09-28 15:32:01,PLACED
591,754.0,2025-04-08 10:15:09,CANCELLED
592,497.0,2025-07-04 03:42:24,RETURNED
593,357.0,2025-06-01 17:00:08,CANCELLED
594,717.0,2025-01-22 13:38:23,CANCELLED
595,200.0,2025-12-01 05:09:11,RETURNED
596,734.0,2026-06-29 20:17:43,SHIPPED
597,90.0,2026-03-07 21:45:53,RETURNED
598,479.0,2025-04-16 18:51:38,CANCELLED
599,494.0,2026-01-04 13:54:49,SHIPPED
600,175.0,2024-07-30 23:39:01,PLACED
601,733.0,2025-01-23 18:08:23,DELIVERED
602,785.0,2025-09-16 01:20:45,DELIVERED
603,687.0,2024-11-01 22:03:52,SHIPPED
604,649.0,2025-06-19 22:51:36,PLACED
605,341.0,2025-12-06 14:21:51,RETURNED
606,616.0,2025-04-05 05:34:08,DELIVERED
607,735.0,2024-08-25 19:16:17,CANCELLED
608,576.0,2025-04-07 23:48:10,CANCELLED
609,229.0,2025-10-25 22:26:16,DELIVERED
610,92.0,2026-06-15 21:24:05,RETURNED
611,763.0,2024-08-22 18:06:17,RETURNED
612,321.0,2025-02-16 05:22:24,RETURNED
613,319.0,2025-10-27 21:45:44,RETURNED
614,398.0,2024-09-12 06:56:49,DELIVERED
615,696.0,2024-12-06 17:55:38,SHIPPED
616,617.0,2025-10-19 22:22:41,PLACED
617,552.0,2026-01-27 18:13:32,DELIVERED
618,304.0,2025-09-28 13:16:30,CANCELLED
619,151.0,2024-11-17 06:12:19,SHIPPED
620,720.0,2025-03-10 19:50:50,DELIVERED
621,706.0,2025-03-06 03:42:29,RETURNED
622,221.0,2026-03-27 10:06:12,CANCELLED
623,342.0,2026-02-22 11:07:18,SHIPPED
624,231.0,2025-02-01 11:08:49,PLACED
625,795.0,2025-12-10 00:29:24,CANCELLED
626,307.0,2025-04-08 23:37:55,SHIPPED
627,562.0,2025-08-12 13:15:33,CANCELLED
628,357.0,2025-04-01 00:39:21,CANCELLED
629,745.0,2024-10-31 03:38:42,SHIPPED
630,562.0,2024-10-26 04:59:26,SHIPPED
631,595.0,2025-02-08 17:44:22,PLACED
632,727.0,2026-02-07 01:44:38,SHIPPED
633,453.0,2025-05-15 02:56:54,DELIVERED
634,215.0,2026-05-21 20:57:52,SHIPPED
635,10.0,2024-11-14 06:12:26,RETURNED
636,152.0,2024-12-24 07:45:35,CANCELLED
637,173.0,2025-07-20 21:07:33,PLACED
638,486.0,2026-03-17 14:48:25,PLACED
639,528.0,2026-02-18 23:29:17,RETURNED
640,153.0,2025-08-30 06:08:01,CANCELLED
641,122.0,2025-12-03 22:43:15,CANCELLED
642,611.0,2026-06-13 22:44:51,CANCELLED
643,687.0,2026-03-28 04:56:50,CANCELLED
644,666.0,2025-12-20 16:05:34,CANCELLED
645,123.0,2025-12-13 03:49:46,PLACED
646,685.0,2026-02-24 10:30:39,SHIPPED
647,-1.0,2025-05-19 00:46:22,RETURNED
648,711.0,2026-05-18 07:28:37,RETURNED
649,496.0,2024-10-11 07:37:53,CANCELLED
650,129.0,2024-10-22 00:45:28,PLACED
651,551.0,2024-07-30 20:44:45,PLACED
652,550.0,2025-03-29 12:42:27,RETURNED
653,532.0,2025-12-04 23:13:40,RETURNED
654,668.0,2024-10-27 17:11:06,SHIPPED
655,121.0,2025-06-05 23:54:06,RETURNED
656,6.0,2026-07-09 13:52:03,DELIVERED
657,132.0,2025-08-04 07:10:00,SHIPPED
658,263.0,2026-06-26 19:35:13,PLACED
659,128.0,2024-11-20 23:06:42,DELIVERED
660,176.0,2025-02-25 17:38:12,PLACED
661,48.0,2026-01-12 23:34:40,RETURNED
662,301.0,2024-10-12 19:14:32,CANCELLED
663,503.0,2024-10-20 04:37:08,RETURNED
664,361.0,2025-12-07 07:12:55,RETURNED
665,102.0,2025-12-02 18:34:16,PLACED
666,193.0,2025-02-27 17:44:39,SHIPPED
667,617.0,2024-12-18 10:53:25,RETURNED
668,132.0,2026-07-04 20:24:02,CANCELLED
669,262.0,2025-05-24 11:32:14,SHIPPED
670,86.0,2026-01-26 13:01:25,CANCELLED
671,147.0,2024-10-07 18:43:06,PLACED
672,276.0,2024-07-31 21:45:48,SHIPPED
673,578.0,2025-07-06 21:46:58,RETURNED
674,430.0,2025-05-29 04:28:56,DELIVERED
675,445.0,2024-12-08 14:23:23,RETURNED
676,277.0,2024-08-11 02:57:53,PLACED
677,417.0,2025-11-12 03:09:35,PLACED
678,342.0,2025-09-24 11:20:18,SHIPPED
679,232.0,2025-06-25 19:47:06,PLACED
680,228.0,2026-05-12 19:57:29,PLACED
681,127.0,2024-08-18 18:50:56,DELIVERED
682,502.0,2025-02-23 12:22:05,DELIVERED
683,289.0,2024-07-25 16:08:57,RETURNED
684,50.0,2024-09-26 15:54:48,CANCELLED
685,760.0,2024-10-16 14:20:52,RETURNED
686,413.0,2025-09-30 18:23:11,SHIPPED
687,704.0,2025-09-20 09:37:59,SHIPPED
688,147.0,2024-12-11 06:47:27,DELIVERED
689,743.0,2025-11-20 00:42:26,DELIVERED
690,256.0,2024-08-08 13:00:55,CANCELLED
691,188.0,2024-11-01 11:53:37,DELIVERED
692,515.0,2026-01-14 06:02:38,CANCELLED
693,736.0,2025-02-05 18:52:31,SHIPPED
694,90.0,2025-09-14 15:58:51,CANCELLED
695,93.0,2025-04-01 10:43:02,PLACED
696,96.0,2026-04-03 19:55:44,PLACED
697,293.0,2026-02-08 12:42:24,CANCELLED
698,11.0,2025-10-08 22:06:59,CANCELLED
699,749.0,2025-07-21 23:53:05,CANCELLED
700,694.0,2024-09-06 02:06:38,PLACED
701,632.0,2026-03-08 20:39:20,PLACED
702,720.0,2026-01-26 16:53:11,DELIVERED
703,757.0,2025-08-08 11:24:20,RETURNED
704,44.0,2025-12-23 01:19:28,SHIPPED
705,783.0,2026-06-22 13:04:07,SHIPPED
706,376.0,2024-11-20 15:30:30,RETURNED
707,53.0,2026-01-19 23:08:16,CANCELLED
708,116.0,2024-07-21 07:57:04,SHIPPED
709,785.0,2025-12-30 00:32:07,DELIVERED
710,301.0,2026-05-24 07:15:07,PLACED
711,583.0,2026-05-21 13:25:21,DELIVERED
712,659.0,2026-04-01 00:35:08,PLACED
713,633.0,2025-06-29 22:32:34,PLACED
714,631.0,2025-12-10 03:23:22,DELIVERED
715,6.0,2024-11-30 09:35:41,SHIPPED
716,10.0,2025-11-22 03:59:16,CANCELLED
717,542.0,2024-10-04 13:37:13,SHIPPED
718,500.0,2026-03-19 22:21:26,DELIVERED
719,405.0,2026-07-04 23:45:32,DELIVERED
720,187.0,2025-05-23 23:01:59,DELIVERED
721,450.0,2025-07-28 19:39:37,CANCELLED
722,363.0,2025-05-11 21:31:11,PLACED
723,727.0,2026-01-25 08:43:24,SHIPPED
724,137.0,2025-03-04 17:52:10,DELIVERED
725,165.0,2025-06-23 12:01:24,CANCELLED
726,273.0,2025-08-01 19:40:23,CANCELLED
727,699.0,2025-07-15 08:28:01,DELIVERED
728,800.0,2025-04-08 01:19:41,RETURNED
729,760.0,2025-02-13 17:53:31,CANCELLED
730,111.0,2025-12-27 16:12:37,SHIPPED
731,513.0,2024-09-16 05:59:24,SHIPPED
732,351.0,2025-07-13 19:35:39,RETURNED
733,445.0,2025-04-25 05:51:23,DELIVERED
734,780.0,2025-06-16 23:00:44,RETURNED
735,524.0,2026-01-06 22:18:54,DELIVERED
736,270.0,2025-12-02 01:01:44,SHIPPED
737,440.0,2026-03-24 13:38:52,PLACED
738,515.0,2024-12-30 03:57:47,SHIPPED
739,606.0,2025-05-11 16:20:06,SHIPPED
740,136.0,2026-07-07 15:56:43,DELIVERED
741,150.0,2025-05-26 18:52:37,RETURNED
742,53.0,2026-04-05 00:36:17,RETURNED
743,649.0,2026-05-02 18:28:03,SHIPPED
744,491.0,2026-02-24 07:59:18,CANCELLED
745,312.0,2026-06-04 03:35:36,DELIVERED
746,360.0,2025-04-12 13:51:53,SHIPPED
747,49.0,2024-07-27 12:12:50,PLACED
748,763.0,2025-11-22 15:05:20,DELIVERED
749,622.0,2025-11-21 02:54:50,SHIPPED
750,504.0,2025-05-03 17:01:22,DELIVERED
751,686.0,2025-08-03 23:07:28,RETURNED
752,134.0,2025-11-24 08:27:32,DELIVERED
753,604.0,2024-10-13 06:07:43,DELIVERED
754,283.0,2025-05-02 13:42:13,CANCELLED
755,109.0,2025-12-07 21:06:56,RETURNED
756,601.0,2026-07-02 06:21:41,SHIPPED
757,457.0,2026-01-10 18:29:28,PLACED
758,634.0,2026-05-01 01:40:17,CANCELLED
759,207.0,2024-11-18 10:01:58,SHIPPED
760,-1.0,2025-04-09 20:26:51,RETURNED
761,778.0,2024-12-10 14:20:44,RETURNED
762,375.0,2024-12-11 10:58:55,PLACED
763,70.0,2026-03-26 17:10:43,RETURNED
764,516.0,2025-05-09 11:51:35,SHIPPED
765,714.0,2025-01-04 06:37:02,DELIVERED
766,-1.0,2025-05-24 09:46:08,SHIPPED
767,408.0,2025-07-17 18:13:03,RETURNED
768,77.0,2026-01-27 20:27:48,RETURNED
769,799.0,2026-01-28 16:42:53,RETURNED
770,189.0,2025-09-24 19:38:41,RETURNED
771,714.0,2026-01-21 15:11:55,RETURNED
772,725.0,2026-02-23 06:31:46,DELIVERED
773,226.0,2026-06-07 04:13:39,DELIVERED
774,176.0,2025-04-04 06:59:08,RETURNED
775,41.0,2025-11-17 03:55:11,DELIVERED
776,277.0,2026-06-12 05:26:10,PLACED
777,255.0,2026-07-09 12:50:28,SHIPPED
778,2.0,2025-07-26 17:55:56,RETURNED
779,333.0,2024-11-02 19:45:02,RETURNED
780,137.0,2025-06-15 06:29:48,RETURNED
781,59.0,2024-10-15 10:14:09,PLACED
782,225.0,2025-07-10 14:57:24,DELIVERED
783,17.0,2025-01-02 18:42:55,RETURNED
784,764.0,2026-06-06 13:48:56,DELIVERED
785,650.0,2024-08-08 21:09:25,SHIPPED
786,226.0,2026-01-08 02:47:06,SHIPPED
787,771.0,2026-03-16 16:41:53,CANCELLED
788,744.0,2025-07-17 01:07:14,SHIPPED
789,96.0,2024-08-06 17:00:26,CANCELLED
790,181.0,2024-11-25 23:52:41,CANCELLED
791,185.0,2025-10-02 19:20:01,PLACED
792,182.0,2025-03-14 00:05:32,RETURNED
793,147.0,2025-02-24 07:46:19,SHIPPED
794,661.0,2025-10-16 10:16:25,PLACED
795,141.0,2026-01-24 11:01:10,PLACED
796,387.0,2025-11-13 01:48:23,PLACED
797,782.0,2025-08-01 23:33:12,PLACED
798,789.0,2025-07-12 16:51:13,SHIPPED
799,615.0,2025-06-23 14:07:46,PLACED
800,109.0,2025-02-17 14:39:46,DELIVERED
801,88.0,2025-07-16 20:59:08,CANCELLED
802,455.0,2025-07-21 21:52:40,DELIVERED
803,159.0,2025-08-18 09:49:23,RETURNED
804,643.0,2026-03-01 11:30:05,PLACED
805,106.0,2025-08-17 00:21:12,PLACED
806,426.0,2024-07-31 01:50:50,SHIPPED
807,-1.0,2026-01-27 05:31:28,SHIPPED
808,294.0,2026-07-11 20:44:17,CANCELLED
809,733.0,2026-04-22 01:59:57,PLACED
810,113.0,2024-10-13 04:39:38,DELIVERED
811,631.0,2025-06-11 23:16:04,DELIVERED
812,87.0,2026-04-02 04:14:28,RETURNED
813,439.0,2025-06-06 10:44:25,RETURNED
814,436.0,2024-08-13 10:51:44,DELIVERED
815,294.0,2024-11-24 08:50:38,PLACED
816,512.0,2025-11-11 20:32:10,DELIVERED
817,729.0,2026-02-07 11:49:04,PLACED
818,153.0,2026-04-25 10:11:54,SHIPPED
819,400.0,2024-11-15 01:45:24,CANCELLED
820,116.0,2025-05-28 18:33:11,DELIVERED
821,331.0,2025-03-03 09:57:05,SHIPPED
822,362.0,2025-04-28 09:13:51,CANCELLED
823,424.0,2026-01-27 06:20:06,DELIVERED
824,670.0,2025-09-06 16:57:19,CANCELLED
825,510.0,2025-07-11 12:12:38,CANCELLED
826,236.0,2025-08-26 16:43:55,RETURNED
827,540.0,2025-08-16 04:25:37,SHIPPED
828,241.0,2025-06-26 08:41:20,SHIPPED
829,18.0,2025-09-01 21:15:02,CANCELLED
830,113.0,2024-11-09 08:25:38,DELIVERED
831,798.0,2024-08-27 21:12:54,DELIVERED
832,565.0,2025-01-26 13:42:10,CANCELLED
833,230.0,2025-09-22 21:58:40,SHIPPED
834,713.0,2025-04-20 03:25:35,CANCELLED
835,713.0,2025-11-24 07:55:03,DELIVERED
836,109.0,2026-01-29 01:27:22,PLACED
837,609.0,2025-02-10 22:40:51,PLACED
838,145.0,2024-09-01 00:54:51,PLACED
839,-1.0,2025-09-22 11:46:47,CANCELLED
840,187.0,2024-10-19 19:33:55,SHIPPED
841,716.0,2025-04-11 19:47:04,CANCELLED
842,346.0,2026-03-01 12:45:38,PLACED
843,160.0,2025-09-17 17:53:14,PLACED
844,178.0,2026-01-28 03:04:22,PLACED
845,434.0,2025-10-17 19:56:27,CANCELLED
846,265.0,2025-04-22 04:05:18,RETURNED
847,233.0,2025-05-26 22:08:49,SHIPPED
848,95.0,2026-07-12 18:22:16,SHIPPED
849,411.0,2025-05-15 01:48:38,SHIPPED
850,764.0,2024-08-28 09:41:58,RETURNED
851,710.0,2025-01-12 13:45:43,DELIVERED
852,415.0,2025-01-05 13:20:25,SHIPPED
853,381.0,2025-03-03 03:38:15,SHIPPED
854,107.0,2024-09-18 05:12:58,RETURNED
855,344.0,2025-12-02 17:35:28,DELIVERED
856,110.0,2026-04-13 21:53:48,RETURNED
857,-1.0,2024-10-09 18:54:51,SHIPPED
858,654.0,2024-11-19 04:32:48,SHIPPED
859,584.0,2025-08-15 11:19:25,RETURNED
860,496.0,2024-08-14 11:20:42,DELIVERED
861,317.0,2025-11-10 15:43:39,DELIVERED
862,408.0,2025-05-22 18:39:11,DELIVERED
863,744.0,2025-07-29 04:34:50,SHIPPED
864,100.0,2025-05-21 19:51:17,RETURNED
865,794.0,2024-08-02 01:44:29,RETURNED
866,489.0,2025-06-26 06:36:42,PLACED
867,156.0,2024-08-03 09:53:50,PLACED
868,96.0,2025-03-06 09:02:09,SHIPPED
869,698.0,2025-09-07 19:13:23,SHIPPED
870,514.0,2025-03-10 16:35:43,RETURNED
871,788.0,2024-09-27 13:20:17,SHIPPED
872,369.0,2025-07-09 21:43:38,CANCELLED
873,-1.0,2025-12-04 19:57:14,CANCELLED
874,626.0,2024-12-15 13:56:39,SHIPPED
875,510.0,2025-07-16 00:30:54,PLACED
876,317.0,2026-03-02 22:08:10,PLACED
877,466.0,2025-11-17 16:22:36,DELIVERED
878,287.0,2024-11-16 21:17:13,DELIVERED
879,184.0,2025-02-21 23:06:54,CANCELLED
880,485.0,2026-06-26 07:36:02,CANCELLED
881,144.0,2024-12-12 13:11:38,RETURNED
882,373.0,2025-10-25 08:21:40,CANCELLED
883,635.0,2026-06-29 17:38:22,SHIPPED
884,525.0,2024-09-11 04:33:12,DELIVERED
885,699.0,2026-03-31 07:42:40,CANCELLED
886,699.0,2024-12-21 13:12:29,PLACED
887,251.0,2025-01-27 20:37:49,RETURNED
888,-1.0,2025-02-20 08:32:05,DELIVERED
889,584.0,2025-09-10 02:44:53,PLACED
890,474.0,2026-02-25 21:58:21,DELIVERED
891,658.0,2025-10-17 09:45:36,CANCELLED
892,185.0,2026-06-17 22:13:17,CANCELLED
893,205.0,2025-12-24 10:33:01,PLACED
894,619.0,2025-09-13 12:39:54,CANCELLED
895,466.0,2025-09-23 12:20:44,SHIPPED
896,150.0,2025-02-02 20:33:40,DELIVERED
897,616.0,2025-09-04 22:24:27,PLACED
898,371.0,2025-08-10 02:24:42,CANCELLED
899,217.0,2025-05-26 03:52:26,CANCELLED
900,651.0,2025-03-28 21:02:40,SHIPPED
