customer_id,customer_name,email,city,customer_type
1,Allison Hill,donaldgarcia@example.net,Kolkata,REGULAR
2,Angie Henderson,davisjesse@example.net,Mumbai,REGULAR
3,Cristian Santos,lrobinson@example.com,Hyderabad,VIP
4,Abigail Shaffer,jpeterson@example.org,Kolkata,REGULAR
5,Gabrielle Davis,howardmaurice@example.com,Delhi,REGULAR
6,Monica Herrera,smiller@example.net,Chennai,VIP
7,Shannon Ray,williamsjeremy@example.com,Delhi,REGULAR
8,Dr. Sharon James,xreid@example.org,Pune,REGULAR
9,Daniel Adams,lynchgeorge@example.net,Bangalore,PREMIUM
10,Joel Nelson,gabriellecameron@example.org,Delhi,REGULAR
11,Andrew Stewart,carl95@example.org,Bangalore,PREMIUM
12,Jennifer Rocha,ithomas@example.org,Delhi,VIP
13,Kimberly Burgess,zhurst@example.com,Pune,VIP
14,Zachary Hicks,camposmichelle@example.org,Bangalore,REGULAR
15,Rebecca Henderson,cruzcaitlin@example.com,Delhi,REGULAR
16,Tricia Valencia,frazierdanny@example.net,Bangalore,PREMIUM
17,Patricia Peterson,ryan70@example.net,Pune,REGULAR
18,Deborah Mason,williamrodriguez@example.net,Mumbai,VIP
19,Mark Lynch,nathanielmartin@example.net,Bangalore,VIP
20,Linda Burns,hickmannatasha@example.com,Mumbai,REGULAR
21,David Bradley,millertodd@example.org,Delhi,VIP
22,Kim Martinez,karroyo@example.com,Mumbai,VIP
23,Lisa Brandt,jenniferross@example.net,Hyderabad,REGULAR
24,Jessica Holmes,wrightcaleb@example.org,Pune,PREMIUM
25,Crystal Robinson,zimmermanbrian@example.org,Mumbai,VIP
26,Shannon Jones,joshuawashington@example.net,Pune,REGULAR
27,Timothy Duncan,esanchez@example.com,Kolkata,VIP
28,Brent Jordan,ujenkins@example.org,Delhi,REGULAR
29,Victoria Garcia,zchandler@example.org,Delhi,VIP
30,Connor West,dwhite@example.org,Kolkata,PREMIUM
31,Angela Morton,williamsyvette@example.org,Chennai,VIP
32,Tammy Allison,richardolson@example.com,Hyderabad,REGULAR
33,Carmen Smith,ybaker@example.com,Chennai,VIP
34,Michael Cross,smoore@example.org,Bangalore,PREMIUM
35,Lauren Daniels,brian97@example.net,Ahmedabad,VIP
36,Kim Brown,yorkcasey@example.org,Hyderabad,VIP
37,Cynthia Wilson,bethwilliams@example.org,Delhi,VIP
38,Kevin Mills,james53@example.com,Delhi,PREMIUM
39,Michael Evans,sarah10@example.com,Hyderabad,VIP
40,Kristine Garcia,williamanderson@example.com,Delhi,VIP
41,Sherry Wood,samueldaniels@example.com,Bangalore,VIP
42,Victoria Valdez,contrerasangela@example.net,Mumbai,REGULAR
43,Shawn Baker,newtoneric@example.com,Chennai,VIP
44,Michelle Harris,william40@example.org,Hyderabad,VIP
45,Sandra Williams,kellie42@example.net,Hyderabad,REGULAR
46,Michael Hoffman,jonesnicole@example.org,Delhi,REGULAR
47,Sandra Aguilar,russellwilliams@example.com,Bangalore,REGULAR
48,Rebecca Valencia,jason31@example.com,Bangalore,VIP
49,Stacey Russell,sarayoung@example.org,Chennai,VIP
50,Rita Keith,whitesandra@example.com,Chennai,PREMIUM
51,Sharon Cochran,erik16@example.org,Kolkata,REGULAR
52,Courtney Velasquez,ybailey@example.org,Mumbai,VIP
53,Matthew Ross,michelle45@example.net,Pune,PREMIUM
54,Meghan Anthony,sheila14@example.org,Ahmedabad,REGULAR
55,Victoria Johnson,yreed@example.com,Bangalore,PREMIUM
56,William Wilson,jonathanfletcher@example.org,Mumbai,VIP
57,Renee Mcdaniel,michaeljones@example.net,Bangalore,VIP
58,Lisa Alvarado,cortezkevin@example.com,Mumbai,REGULAR
59,Erika Terry,jamesortega@example.com,Pune,REGULAR
60,Stephanie Gilbert,richard04@example.com,Delhi,VIP
61,Richard Lawson,steven73@example.net,Chennai,VIP
62,Steven Flynn,donnacampbell@example.net,Ahmedabad,REGULAR
63,Frances Cardenas,emilywalker@example.org,Kolkata,REGULAR
64,Angel Riggs,gibsonolivia@example.net,Kolkata,PREMIUM
65,Michael Snyder,dylanwatts@example.org,Ahmedabad,VIP
66,Colleen Brock,pwilliams@example.org,Bangalore,REGULAR
67,Robert Contreras,stephanie79@example.net,Pune,REGULAR
68,Jessica Meadows,vmerritt@example.com,Mumbai,VIP
69,Paul Larsen,katie87@example.net,Kolkata,REGULAR
70,Jeremiah Reeves,josephflores@example.net,Mumbai,REGULAR
71,Chris Reyes,jasminebrown@example.com,Bangalore,REGULAR
72,John Brown,xprice@example.net,Hyderabad,REGULAR
73,Alicia Gilmore,wwoods@example.com,Mumbai,REGULAR
74,Sarah Ashley,vmedina@example.net,Ahmedabad,REGULAR
75,Stephanie Freeman,ryan06@example.com,Hyderabad,REGULAR
76,Rebecca Ramsey,ncalhoun@example.net,Kolkata,PREMIUM
77,James Elliott,millerroy@example.com,Ahmedabad,PREMIUM
78,David Murphy,wmurphy@example.com,Ahmedabad,REGULAR
79,Trevor Fisher,ruizkaitlyn@example.org,Mumbai,REGULAR
80,Mrs. Marie Harrington DDS,herringjames@example.org,Hyderabad,VIP
81,Cynthia Wells,elliottjeffery@example.net,Hyderabad,VIP
82,Jacob Obrien,stricklandfrank@example.com,Chennai,REGULAR
83,Alexander Collins,tsanders@example.org,Bangalore,REGULAR
84,Michael Burton,terrykevin@example.net,Bangalore,VIP
85,Barbara Riggs,reedross@example.com,Kolkata,REGULAR
86,Matthew Smith,gshort@example.com,Mumbai,VIP
87,Madison Poole,ryangross@example.net,Bangalore,PREMIUM
88,Robert Medina,umarshall@example.net,Pune,PREMIUM
89,Samuel Rivas,ramirezshannon@example.com,Pune,REGULAR
90,Mary Rogers,lrosales@example.com,Chennai,VIP
91,Robert Peterson,angela83@example.org,Ahmedabad,PREMIUM
92,Jason Peters,hannahbrewer@example.com,Bangalore,REGULAR
93,Alan Phillips,tholt@example.net,Bangalore,REGULAR
94,Kara Schmidt,jbarajas@example.com,Delhi,REGULAR
95,Jesse Parker,davidlee@example.org,Bangalore,REGULAR
96,Tiffany Vaughn,javierwashington@example.net,Chennai,PREMIUM
97,Paige Carlson,wallkenneth@example.com,Delhi,VIP
98,Adrian Ferguson,brandon08@example.com,Hyderabad,VIP
99,Beth Oneill,agarcia@example.net,Delhi,VIP
100,John Peterson,kingmichelle@example.org,Chennai,PREMIUM
101,Jennifer Jones,hernandezlisa@example.com,Bangalore,VIP
102,David Grant,yobrien@example.net,Delhi,PREMIUM
103,Joseph Hayes,levans@example.com,Pune,REGULAR
104,Marc Lynch,mezajared@example.org,Delhi,VIP
105,Brad Allen,moorericky@example.net,Hyderabad,REGULAR
106,Doris Hall,jacqueline71@example.net,Delhi,REGULAR
107,Dennis Moody,invalid@email.com,Delhi,REGULAR
108,Derek Thomas,martinkyle@example.net,Kolkata,VIP
109,Tammy Gonzales,invalid@email.com,Chennai,VIP
110,Kathryn Snyder,georgepamela@example.net,Pune,VIP
111,David Davis,keyemily@example.com,Kolkata,REGULAR
112,Pamela Thompson,lmoon@example.net,Pune,REGULAR
113,Robert Costa,vbailey@example.com,Mumbai,VIP
114,Shannon Rivera,zroberts@example.net,Bangalore,PREMIUM
115,Brandon King,cordovarichard@example.net,Kolkata,VIP
116,April Booth,mgutierrez@example.net,Mumbai,REGULAR
117,Peter Garrett,harrisandrea@example.com,Chennai,PREMIUM
118,Michael Martinez,jennifercollins@example.org,Pune,PREMIUM
119,Anna Gay,murraydavid@example.org,Mumbai,PREMIUM
120,Dr. Jordan Hill PhD,jsanchez@example.org,Bangalore,PREMIUM
121,Thomas Romero,michellehill@example.com,Ahmedabad,REGULAR
122,Richard Adams,campbellkenneth@example.net,Ahmedabad,PREMIUM
123,Mary Grimes,wryan@example.com,Mumbai,REGULAR
124,Kimberly Gibson,molly39@example.com,Mumbai,PREMIUM
125,Reginald Williams,zthornton@example.com,Bangalore,PREMIUM
126,Matthew Hoover,tylerjohnson@example.net,Kolkata,VIP
127,Evelyn Garcia,dgarcia@example.org,Pune,REGULAR
128,Jennifer Pena,charlesharrington@example.com,Delhi,REGULAR
129,Michael Santos,melissa86@example.com,Delhi,REGULAR
130,Stacy Freeman,williamsonjimmy@example.net,Kolkata,PREMIUM
131,Yolanda Francis,wgood@example.net,Pune,PREMIUM
132,Ashlee Jackson,rebecca05@example.org,Bangalore,PREMIUM
133,James Thomas,yknight@example.org,Mumbai,PREMIUM
134,Bob Pitts,tyleraguilar@example.org,Kolkata,REGULAR
135,David Scott,nolansteven@example.com,Mumbai,PREMIUM
136,Brooke Alexander,vanessa46@example.net,Pune,VIP
137,Ryan Gonzalez,gcastaneda@example.org,Bangalore,VIP
138,Ian Phillips,andrew64@example.org,Delhi,VIP
139,Melissa Garner,lozanojulie@example.com,Kolkata,VIP
140,Crystal Pham,danaoliver@example.net,Chennai,REGULAR
141,Patricia Becker,courtneyberger@example.net,Kolkata,VIP
142,Richard Johnson,jessica14@example.com,Chennai,VIP
143,Casey Anderson,alyssa42@example.com,Kolkata,VIP
144,Terry Coffey,julie51@example.com,Delhi,PREMIUM
145,Brenda Levy,zcoffey@example.net,Pune,PREMIUM
146,Richard Smith,gibsonemily@example.net,Mumbai,VIP
147,James Little,daniel37@example.org,Chennai,VIP
148,Terri Murphy,deborahreid@example.com,Pune,REGULAR
149,Elizabeth Ortiz,brandonjohnson@example.com,Mumbai,VIP
150,David Medina,qchavez@example.net,Mumbai,REGULAR
151,Kimberly Matthews,nicolepena@example.com,Mumbai,PREMIUM
152,Teresa Ramirez,jeff73@example.com,Bangalore,PREMIUM
153,Michael Stephens,bruce43@example.org,Mumbai,VIP
154,Samantha Davis,darleneharper@example.org,Ahmedabad,PREMIUM
155,Gavin Zhang,caseyhubbard@example.org,Hyderabad,REGULAR
156,Robin Hall,kristinacarlson@example.com,Mumbai,REGULAR
157,Brianna Anderson,lauren10@example.org,Ahmedabad,REGULAR
158,Richard Young,alfred40@example.org,Bangalore,PREMIUM
159,Kelly Reese,xwest@example.net,Ahmedabad,VIP
160,Jodi Walker,acostaregina@example.net,Pune,PREMIUM
161,Judith Maynard,lutzmelanie@example.com,Kolkata,VIP
162,Katherine Browning,lammarc@example.org,Chennai,VIP
163,Donald Schultz,oscar98@example.com,Ahmedabad,PREMIUM
164,Larry Garcia,farrelldebra@example.net,Delhi,VIP
165,Cindy Hayes,robertwilcox@example.com,Mumbai,PREMIUM
166,Brandon Simmons,nicholas27@example.org,Delhi,REGULAR
167,Bradley Reynolds,lisa80@example.net,Pune,VIP
168,Kristina Santiago,qgomez@example.com,Chennai,REGULAR
169,Michelle Schmitt,michael98@example.org,Chennai,VIP
170,John Boone,megan51@example.com,Kolkata,PREMIUM
171,Renee Bruce,lynchdiane@example.net,Ahmedabad,PREMIUM
172,Christopher Park,sandra50@example.org,Kolkata,PREMIUM
173,Kylie Morales,joycebonilla@example.org,Hyderabad,VIP
174,Cindy Barnes,eric45@example.net,Hyderabad,PREMIUM
175,Sophia Moore,craigjoseph@example.net,Kolkata,PREMIUM
176,Lawrence Perry,kariwilson@example.com,Mumbai,PREMIUM
177,Michael Watkins,brandon69@example.org,Kolkata,PREMIUM
178,Eric Clark,kathrynroberts@example.org,Pune,VIP
179,Paul Thompson,opatel@example.net,Kolkata,VIP
180,Mary Gomez,chensley@example.com,Ahmedabad,REGULAR
181,Thomas Atkins,tberry@example.net,Hyderabad,PREMIUM
182,Brian Smith,george97@example.net,Hyderabad,REGULAR
183,Anita Richard,ryanmorales@example.org,Chennai,PREMIUM
184,Eric Morgan,kimberly18@example.net,Delhi,PREMIUM
185,Jordan Bullock,michael23@example.org,Ahmedabad,PREMIUM
186,Craig Morrison,thompsonkendra@example.com,Kolkata,PREMIUM
187,Justin Riley,michelle52@example.com,Kolkata,PREMIUM
188,Jeremy Turner,brittany58@example.org,Ahmedabad,REGULAR
189,Jesse Brown,chase19@example.net,Hyderabad,PREMIUM
190,Julie Spencer,colelisa@example.net,Bangalore,VIP
191,Larry Mason,hayeslisa@example.com,Hyderabad,REGULAR
192,Mrs. Maria Williams,hritter@example.net,Hyderabad,VIP
193,Helen Hardin,vortiz@example.net,Chennai,PREMIUM
194,Rachel Holland,riveraangela@example.com,Mumbai,PREMIUM
195,Nathaniel Douglas,mathewaguilar@example.org,Pune,REGULAR
196,Emily Douglas,tanderson@example.org,Bangalore,REGULAR
197,James Conner,elizabethcalderon@example.net,Bangalore,VIP
198,Susan Davis DDS,andrew42@example.org,Delhi,VIP
199,Ralph Lee,ericphillips@example.org,Kolkata,PREMIUM
200,Kimberly Rodgers,stanleynancy@example.net,Mumbai,REGULAR
201,James Martin,jenniferwilliams@example.com,Mumbai,REGULAR
202,Cynthia Wallace,karen73@example.net,Delhi,VIP
203,Vincent Mueller,michealvalentine@example.com,Bangalore,VIP
204,Douglas Reyes,mburch@example.net,Pune,VIP
205,David Davidson,angela18@example.org,Pune,REGULAR
206,Phillip Nelson,mariahdavis@example.org,Pune,REGULAR
207,Stacey Arias,gbrown@example.com,Ahmedabad,REGULAR
208,Zachary Brooks,florescory@example.net,Pune,VIP
209,Raven Taylor,samantha72@example.net,Ahmedabad,VIP
210,Luis Bullock,scottmary@example.net,Chennai,VIP
211,Lisa Henderson,john10@example.org,Delhi,VIP
212,Riley Bryant,copelandvincent@example.net,Ahmedabad,PREMIUM
213,Jose Allen,kellysmith@example.com,Delhi,PREMIUM
214,Jason Beck,millsmichael@example.net,Bangalore,PREMIUM
215,Rachel Romero,myerstheodore@example.net,Mumbai,PREMIUM
216,James Burgess,kristina53@example.net,Kolkata,PREMIUM
217,Ashley Perkins,dennis58@example.com,Pune,REGULAR
218,Carrie Maxwell,epollard@example.net,Pune,PREMIUM
219,Chad Baldwin,mjohnson@example.org,Delhi,VIP
220,Stacey Stewart,invalid@email.com,Bangalore,REGULAR
221,Matthew Mitchell,glennmartin@example.org,Ahmedabad,VIP
222,Jessica Ross,ykline@example.com,Ahmedabad,VIP
223,Kathleen Jimenez,laurie61@example.com,Ahmedabad,REGULAR
224,Samantha Gardner,curtis54@example.com,Mumbai,PREMIUM
225,Mitchell Jackson,cbell@example.net,Delhi,VIP
226,Heather Bolton,danielle01@example.net,Ahmedabad,VIP
227,Heidi Owen,stephaniethomas@example.net,Kolkata,VIP
228,Jessica Martinez,kimberlydiaz@example.com,Pune,VIP
229,Amanda Hernandez,xrush@example.com,Delhi,PREMIUM
230,Laura Moreno,redwards@example.org,Mumbai,PREMIUM
231,Allison Lopez,hmcintyre@example.com,Chennai,REGULAR
232,Michele Lewis,heather73@example.org,Ahmedabad,PREMIUM
233,Benjamin Thompson,zosborn@example.net,Delhi,REGULAR
234,Victoria Contreras,piercekelly@example.com,Delhi,REGULAR
235,Michelle Ho,laurahicks@example.org,Delhi,REGULAR
236,Dr. Cynthia Snyder,angela57@example.net,Chennai,PREMIUM
237,Stephen Jones,ukey@example.com,Hyderabad,VIP
238,Patricia Morrow,martinezlogan@example.org,Chennai,VIP
239,Michael Cooper,katrinaanderson@example.net,Ahmedabad,REGULAR
240,Amy Martinez,kevinmartin@example.net,Delhi,PREMIUM
241,Travis Stone,meghan43@example.net,Pune,REGULAR
242,Denise Weber,shawgary@example.net,Delhi,PREMIUM
243,Matthew Le,megan90@example.org,Bangalore,PREMIUM
244,Travis Wise,debra96@example.net,Hyderabad,REGULAR
245,Kathleen Burton,dawn47@example.org,Delhi,REGULAR
246,Melinda Evans,barkereric@example.com,Bangalore,VIP
247,Mr. Lawrence Edwards,jessica56@example.org,Mumbai,VIP
248,Kayla Rodriguez,stevenadams@example.org,Ahmedabad,PREMIUM
249,Anthony Dougherty,kwright@example.com,Kolkata,PREMIUM
250,Michelle Lee,tyronerobertson@example.com,Hyderabad,VIP
251,Kathleen Davis,pwagner@example.org,Bangalore,REGULAR
252,Amber Campbell,amitchell@example.org,Delhi,VIP
253,Stephen Luna,zdiaz@example.org,Mumbai,REGULAR
254,Chloe Tran,hughesshannon@example.net,Chennai,REGULAR
255,William Becker,andersoncolin@example.com,Ahmedabad,PREMIUM
256,Gina Mcmillan,jameshicks@example.net,Delhi,VIP
257,Andrew Reeves,jstone@example.net,Ahmedabad,REGULAR
258,Brenda Velazquez,francisco94@example.net,Delhi,VIP
259,Ronald Patel,thomas05@example.com,Mumbai,PREMIUM
260,Veronica Silva,carlsonjoseph@example.net,Mumbai,VIP
261,Paula Lane,silvageorge@example.net,Delhi,REGULAR
262,Patricia James,anthonyvaughan@example.org,Chennai,PREMIUM
263,Jeremy Barnes,avaughn@example.net,Delhi,PREMIUM
264,Tami Salas,thorntonapril@example.net,Delhi,VIP
265,Matthew Fox,sue78@example.com,Delhi,VIP
266,Megan Dillon,chelsea33@example.com,Ahmedabad,REGULAR
267,Courtney Dudley,kellie37@example.com,Kolkata,VIP
268,Justin Michael,keith98@example.com,Delhi,REGULAR
269,Jennifer Reed,kellyroberts@example.net,Hyderabad,VIP
270,Thomas Douglas,ilewis@example.com,Hyderabad,REGULAR
271,Melissa Taylor,johnsantiago@example.net,Ahmedabad,PREMIUM
272,David Garcia,jennifer12@example.org,Kolkata,VIP
273,Vanessa Moore,mwoods@example.com,Bangalore,PREMIUM
274,Matthew Velez,pearsonjesse@example.net,Pune,PREMIUM
275,Taylor Gentry,robertmonroe@example.org,Chennai,PREMIUM
276,Jennifer Simpson DVM,nancy04@example.net,Ahmedabad,PREMIUM
277,Tanya Rogers,ihays@example.net,Kolkata,VIP
278,Todd Rosales MD,lisarivera@example.net,Bangalore,PREMIUM
279,David Lopez,krystal93@example.org,Bangalore,PREMIUM
280,Margaret Sullivan,frobertson@example.com,Hyderabad,VIP
281,Cathy Taylor,shari04@example.com,Ahmedabad,PREMIUM
282,Paul Finley,brandi90@example.com,Pune,VIP
283,Melissa Brown,marshallerik@example.net,Ahmedabad,REGULAR
284,Stephanie Padilla,hannah45@example.net,Chennai,PREMIUM
285,Tyler Mendoza,madkins@example.com,Ahmedabad,REGULAR
286,Joshua Ruiz,kathleenbecker@example.net,Mumbai,VIP
287,Angela Griffin,christian91@example.org,Hyderabad,VIP
288,Stephanie Harris,franklinbond@example.com,Mumbai,REGULAR
289,Daniel Aguilar,nolansean@example.org,Bangalore,VIP
290,Jose Bryant,hansenemily@example.com,Ahmedabad,VIP
291,Jennifer Velasquez,bethwilliams@example.com,Delhi,PREMIUM
292,Kimberly Brown,andersenthomas@example.com,Ahmedabad,REGULAR
293,Randy Cannon,ybrooks@example.com,Chennai,PREMIUM
294,Susan Bennett,desireebailey@example.org,Chennai,REGULAR
295,Jenna Anderson DVM,avilatiffany@example.com,Kolkata,PREMIUM
296,Kimberly Patel,johnreed@example.com,Delhi,REGULAR
297,Shaun Cannon,pachecorobert@example.org,Delhi,VIP
298,Austin Wheeler,tharper@example.org,Ahmedabad,REGULAR
299,Andrew Gonzales,karenparsons@example.org,Ahmedabad,PREMIUM
300,Donna Cabrera,barbara53@example.com,Kolkata,PREMIUM
301,Victoria Boyd,dturner@example.net,Mumbai,VIP
302,Sheryl Buck,dpeters@example.com,Kolkata,REGULAR
303,Megan Floyd,heather62@example.com,Kolkata,REGULAR
304,Paul Wells,kevinzimmerman@example.com,Ahmedabad,VIP
305,Kristina Faulkner,paulscott@example.com,Kolkata,PREMIUM
306,Tammy Boone,nicholsmaria@example.org,Chennai,PREMIUM
307,Michael Morrison,lopezkathleen@example.net,Chennai,VIP
308,Claire Clark,kevin03@example.org,Pune,REGULAR
309,Autumn Key,srocha@example.net,Ahmedabad,REGULAR
310,Jennifer Allen,kimberly67@example.net,Ahmedabad,REGULAR
311,Elizabeth Ward,zowens@example.net,Kolkata,VIP
312,Ryan Rocha,lawrence09@example.org,Bangalore,PREMIUM
313,Alexis Tran,mphillips@example.com,Delhi,PREMIUM
314,Kelly Sanchez,jonathan77@example.com,Kolkata,VIP
315,Robert Jackson,iwhite@example.net,Pune,VIP
316,Kelly Combs,landryelizabeth@example.org,Kolkata,PREMIUM
317,Ryan Hall,albertwagner@example.com,Ahmedabad,VIP
318,Mark Peck,bhopkins@example.org,Bangalore,REGULAR
319,Jennifer Smith,amanda40@example.net,Delhi,REGULAR
320,Megan Drake,danieldavis@example.org,Kolkata,REGULAR
321,Manuel King,joseph61@example.com,Bangalore,PREMIUM
322,Judy Sanchez,kevinclayton@example.org,Delhi,REGULAR
323,Shannon Malone,sullivannicholas@example.com,Hyderabad,PREMIUM
324,Adam Jackson,pbruce@example.com,Kolkata,REGULAR
325,Shannon Davis,hallrachel@example.net,Kolkata,VIP
326,Karen Williams,cohenjuan@example.net,Chennai,REGULAR
327,Amanda Mcfarland,alexis39@example.org,Kolkata,VIP
328,Michelle Sanders,evansanne@example.net,Ahmedabad,VIP
329,Jasmine Mosley,patrick21@example.net,Ahmedabad,VIP
330,Haley Davis,marypeterson@example.net,Delhi,VIP
331,Jennifer Ayala,invalid@email.com,Delhi,VIP
332,Henry Pugh MD,nmiller@example.com,Bangalore,PREMIUM
333,Michelle Miller,normanbowers@example.org,Delhi,VIP
334,Emily Rodriguez,hahnsean@example.com,Delhi,PREMIUM
335,Brandon Jordan,fgarcia@example.com,Mumbai,PREMIUM
336,Linda Mueller,asmith@example.com,Bangalore,REGULAR
337,Misty Hansen,ashleyjackson@example.com,Pune,VIP
338,Derrick Adams,bryanhamilton@example.com,Delhi,REGULAR
339,Richard Ward,jennifersimpson@example.net,Kolkata,PREMIUM
340,Brian Torres,invalid@email.com,Ahmedabad,PREMIUM
341,Erin Cook,kevinmorrison@example.net,Mumbai,VIP
342,Ernest Oconnell,kelly79@example.org,Mumbai,VIP
343,Douglas Hartman,daniel93@example.net,Delhi,VIP
344,Catherine Saunders MD,nhahn@example.com,Chennai,VIP
345,Sandra Jones,ichambers@example.net,Hyderabad,PREMIUM
346,David Moore,emccormick@example.com,Hyderabad,VIP
347,Karen Morales DDS,ystephens@example.com,Chennai,REGULAR
348,Robin Wheeler,rodriguezjohn@example.net,Pune,VIP
349,Matthew Williams,vrasmussen@example.com,Mumbai,REGULAR
350,Brett Walker,seanmyers@example.net,Pune,VIP
351,Kathryn Cooper,webbkenneth@example.org,Delhi,REGULAR
352,Todd Thomas,matthew38@example.com,Ahmedabad,PREMIUM
353,Brent Bowen,tflores@example.org,Pune,REGULAR
354,Ashley Sweeney,byrdfrank@example.net,Bangalore,REGULAR
355,Christopher Moore,omullen@example.com,Mumbai,VIP
356,Charlotte Sandoval,njohnson@example.org,Kolkata,VIP
357,Jeffrey Smith,jamiegoodwin@example.org,Kolkata,REGULAR
358,Rebecca Herrera,mark71@example.com,Bangalore,PREMIUM
359,Katherine Church,candice96@example.net,Delhi,VIP
360,Harold Ellis,lisamccarthy@example.com,Pune,REGULAR
361,Leslie Powers,david41@example.org,Ahmedabad,REGULAR
362,Charles Price,baileyhenderson@example.com,Pune,VIP
363,Melissa Brewer,angelaburns@example.org,Bangalore,VIP
364,Ryan Harvey,stephanie72@example.org,Delhi,VIP
365,Tracey Wagner,fortiz@example.com,Chennai,REGULAR
366,Jill Jackson,flynnjeffrey@example.org,Delhi,PREMIUM
367,Joshua Jackson,xcunningham@example.com,Mumbai,VIP
368,Ashley Wilson,amber07@example.net,Ahmedabad,PREMIUM
369,Jeffery Fitzgerald,kennethkidd@example.com,Kolkata,VIP
370,Scott Miller,rowejoel@example.net,Chennai,PREMIUM
371,Heather Page,imartin@example.org,Ahmedabad,VIP
372,Renee Hudson,candice25@example.net,Delhi,REGULAR
373,Kenneth Farley,taylorkaren@example.com,Mumbai,PREMIUM
374,Wendy Camacho,jacquelineanderson@example.org,Mumbai,PREMIUM
375,Sandra Juarez,kburns@example.net,Pune,VIP
376,Jason Hayes,powellkara@example.net,Pune,REGULAR
377,Jackie Clements,brandi17@example.net,Mumbai,REGULAR
378,Heather Brown,brobinson@example.org,Ahmedabad,REGULAR
379,Frank Campbell MD,ashleewashington@example.com,Hyderabad,REGULAR
380,Pamela Williams,ksmith@example.com,Mumbai,REGULAR
381,William Patterson,nicoleturner@example.com,Mumbai,REGULAR
382,Isaac Miller,brettgarrett@example.net,Mumbai,VIP
383,Cynthia Rios,smiththomas@example.org,Mumbai,PREMIUM
384,Kelly Wallace,dominguezlisa@example.com,Hyderabad,PREMIUM
385,Karen Perez,crosscurtis@example.com,Chennai,REGULAR
386,Edwin Reyes,darlenebyrd@example.org,Chennai,REGULAR
387,Alejandra Santos,nbell@example.net,Hyderabad,REGULAR
388,Tamara Jensen,invalid@email.com,Pune,REGULAR
389,Bryce Blair,sylvia52@example.org,Hyderabad,REGULAR
390,Bradley Tran,kimberly04@example.org,Bangalore,VIP
391,Katrina Adkins,debbie37@example.com,Ahmedabad,PREMIUM
392,Jonathan Wheeler,hatfieldsarah@example.org,Bangalore,PREMIUM
393,Ryan Fisher,kathrynbest@example.org,Hyderabad,VIP
394,Austin Baker,livingstonstacy@example.com,Delhi,PREMIUM
395,Lori Mason,zhenderson@example.org,Hyderabad,REGULAR
396,Kimberly Hernandez,collinswilliam@example.org,Kolkata,PREMIUM
397,Brittney Murphy,collinssamuel@example.org,Ahmedabad,VIP
398,Brandon Hamilton,dsalazar@example.com,Bangalore,REGULAR
399,Mary Thompson,zimmermanjacqueline@example.org,Chennai,REGULAR
400,Gregory Holmes PhD,gary24@example.net,Pune,PREMIUM
401,Patricia Johnson,enelson@example.com,Delhi,PREMIUM
402,Laura Jones,ddixon@example.com,Kolkata,REGULAR
403,Carol Moore,shannonemily@example.org,Bangalore,VIP
404,Jordan Williams,sanchezthomas@example.com,Mumbai,PREMIUM
405,Cassidy Horne,tranrobin@example.net,Mumbai,PREMIUM
406,Courtney Wright,joseph19@example.com,Ahmedabad,PREMIUM
407,Michael Williams,lindajarvis@example.com,Bangalore,PREMIUM
408,John Campbell,mark87@example.org,Delhi,PREMIUM
409,Eddie Mueller,stevenvargas@example.com,Ahmedabad,REGULAR
410,Dr. Morgan Payne PhD,adamortiz@example.org,Bangalore,REGULAR
411,Makayla Steele,tapiaaaron@example.net,Pune,REGULAR
412,Oscar Parker,alyssaallen@example.com,Pune,VIP
413,Valerie Thomas,christopher38@example.com,Pune,VIP
414,Jacqueline Villegas,carpenterwilliam@example.net,Kolkata,VIP
415,Angela Bradley,ibates@example.org,Delhi,VIP
416,Samuel Howe,vhaynes@example.com,Bangalore,VIP
417,Dillon Jones,derekcarrillo@example.org,Chennai,VIP
418,Christopher Owens,wmartinez@example.org,Bangalore,PREMIUM
419,John Phelps,mooregina@example.net,Pune,REGULAR
420,Amanda Huff,eddie35@example.com,Mumbai,PREMIUM
421,Megan Green,anthonysullivan@example.com,Hyderabad,VIP
422,Krista Davis,laradonald@example.org,Delhi,REGULAR
423,Richard Walker,madisonwatson@example.net,Delhi,PREMIUM
424,Angela Willis,johnsoncaleb@example.net,Chennai,REGULAR
425,Carl Stein,david70@example.org,Kolkata,REGULAR
426,Jessica Ramsey,rjohnson@example.com,Hyderabad,REGULAR
427,Daniel Lopez,sean20@example.net,Mumbai,PREMIUM
428,Danielle Phillips,eandrade@example.org,Pune,REGULAR
429,James Barnes,crystalpham@example.org,Pune,VIP
430,Rachael Howard DDS,kcooper@example.net,Hyderabad,REGULAR
431,Devin Johnson,anthonycochran@example.com,Hyderabad,VIP
432,William Moreno,terrigarcia@example.net,Ahmedabad,VIP
433,Joseph Moody,gallagherstacie@example.net,Ahmedabad,PREMIUM
434,Rebecca Kelly,gregorywatkins@example.net,Bangalore,PREMIUM
435,Suzanne Johnson,stacey92@example.net,Delhi,VIP
436,Sara Cochran,lweaver@example.com,Ahmedabad,VIP
437,Anthony Guzman,foxaaron@example.net,Hyderabad,REGULAR
438,Carlos Love,brian29@example.net,Hyderabad,REGULAR
439,Patricia Mathis,susan56@example.net,Mumbai,REGULAR
440,Eric Taylor,jessicakim@example.net,Delhi,PREMIUM
441,Marie Thompson,jeffrey92@example.com,Ahmedabad,VIP
442,Michael Anderson,rushstacy@example.com,Chennai,PREMIUM
443,Patricia Bradley,carriemccall@example.net,Mumbai,VIP
444,Keith Zuniga,markmiller@example.com,Pune,REGULAR
445,Mrs. Stacey Davis,sean43@example.org,Hyderabad,PREMIUM
446,Hayley Buchanan,invalid@email.com,Pune,VIP
447,Stacey Snyder,ybell@example.org,Kolkata,VIP
448,Rachel Lane,franciscojones@example.org,Delhi,REGULAR
449,Fernando Lynn,petersonpamela@example.org,Pune,REGULAR
450,Kimberly Villanueva,morgantricia@example.com,Ahmedabad,VIP
451,Jessica Valdez,gmoore@example.com,Bangalore,PREMIUM
452,Colton Terry,donna43@example.org,Mumbai,PREMIUM
453,Kenneth Larsen,briansmith@example.org,Bangalore,PREMIUM
454,Matthew Greene,collinclark@example.net,Pune,REGULAR
455,Bradley Anthony,kristen77@example.net,Chennai,REGULAR
456,Martin Hughes,nicole52@example.com,Bangalore,VIP
457,Jeremiah Baker,anne21@example.org,Pune,PREMIUM
458,Rhonda Gutierrez,angelarandall@example.net,Chennai,REGULAR
459,Joseph Camacho,parmstrong@example.com,Delhi,REGULAR
460,James Nash,shawrachel@example.net,Chennai,VIP
461,Lisa Martinez,kthompson@example.org,Ahmedabad,PREMIUM
462,Beth Henderson,oharris@example.org,Ahmedabad,VIP
463,Deanna Bartlett,millerangela@example.net,Pune,VIP
464,Donald Ellis,buchanancindy@example.net,Ahmedabad,REGULAR
465,Ashley Hernandez,buckleyanna@example.org,Delhi,PREMIUM
466,Sharon Beard,pbaker@example.com,Pune,VIP
467,Kara Jackson,mthomas@example.net,Ahmedabad,PREMIUM
468,Amanda Preston,hannah07@example.com,Pune,PREMIUM
469,Alicia Roth,larry71@example.org,Bangalore,VIP
470,William Ramos,joseph69@example.net,Kolkata,PREMIUM
471,Jeremy Mcintyre,wfigueroa@example.net,Hyderabad,PREMIUM
472,Samantha Robertson,cameronmckinney@example.com,Mumbai,PREMIUM
473,Samuel Suarez,thompsonnancy@example.org,Chennai,REGULAR
474,Danielle Bryant,janet45@example.com,Pune,VIP
475,Madison Martinez,allentracy@example.com,Chennai,REGULAR
476,Seth Matthews,max41@example.com,Ahmedabad,PREMIUM
477,Anthony Nash,mercedesholland@example.net,Chennai,PREMIUM
478,Matthew Palmer,wellsdavid@example.org,Delhi,PREMIUM
479,Alejandra King,jennifer46@example.com,Pune,VIP
480,Judy Robinson,erica96@example.net,Pune,REGULAR
481,Jorge Bates,anna99@example.com,Kolkata,PREMIUM
482,Brian Brown,danielle44@example.net,Chennai,PREMIUM
483,Stephanie Evans,zacharyallen@example.org,Chennai,PREMIUM
484,Rebekah Greene,erin07@example.com,Kolkata,REGULAR
485,Jason Price,aguilarwanda@example.org,Bangalore,PREMIUM
486,Micheal Parks,qknox@example.com,Pune,REGULAR
487,Sarah Pittman,kellyruiz@example.net,Bangalore,VIP
488,Robert Hines,staceylam@example.net,Pune,REGULAR
489,Henry Garner,robert55@example.com,Chennai,REGULAR
490,Julie Wilson,delacruzbrandy@example.net,Ahmedabad,REGULAR
491,Steve Mason,amoreno@example.org,Chennai,REGULAR
492,Brittany Gay,robert97@example.org,Bangalore,VIP
493,Mike Maxwell,lcook@example.com,Hyderabad,VIP
494,Abigail Hill,barbaramoore@example.org,Chennai,VIP
495,Jeffrey Jordan,ysanford@example.org,Chennai,REGULAR
496,Curtis Watson,mcclainkatherine@example.net,Chennai,VIP
497,Michael Sims,jeremywiley@example.com,Kolkata,PREMIUM
498,James Chapman,cameronwilliams@example.com,Mumbai,PREMIUM
499,Joseph Warren,ibarron@example.com,Ahmedabad,REGULAR
500,Katherine Christensen MD,osmith@example.net,Delhi,PREMIUM
501,Mrs. Alison Wagner,richardsondebra@example.org,Mumbai,PREMIUM
502,Martin Wise,wheelerbrandon@example.org,Ahmedabad,PREMIUM
503,Alicia Norris,hwallace@example.net,Kolkata,VIP
504,Michael Harris,turnerdorothy@example.net,Chennai,REGULAR
505,Lisa Haynes,grivas@example.net,Chennai,PREMIUM
506,Autumn Wilson,jimenezchelsea@example.com,Ahmedabad,PREMIUM
507,Valerie Howard,cphillips@example.net,Bangalore,VIP
508,Daniel Fitzpatrick MD,smithchristopher@example.org,Bangalore,PREMIUM
509,Maureen Hernandez,chancharles@example.net,Chennai,PREMIUM
510,David Hall,joseph01@example.org,Chennai,PREMIUM
511,Sarah Ward,ronald11@example.org,Mumbai,PREMIUM
512,Charles Holland,michael79@example.com,Hyderabad,PREMIUM
513,Anna Briggs,danielross@example.com,Pune,REGULAR
514,James Jefferson,zbanks@example.org,Bangalore,PREMIUM
515,Michael Brown,dalepruitt@example.com,Pune,REGULAR
516,Meghan White,nmaxwell@example.org,Pune,REGULAR
517,Sheryl Acosta,timothyfreeman@example.com,Delhi,PREMIUM
518,Arthur Pena,busherica@example.net,Chennai,VIP
519,Krystal Levine,april91@example.com,Hyderabad,REGULAR
520,Danielle Reed,invalid@email.com,Chennai,VIP
521,Mason Moore,kchristian@example.org,Kolkata,REGULAR
522,Erica Rivera,brent38@example.net,Mumbai,PREMIUM
523,Robert Miller,csolis@example.org,Mumbai,PREMIUM
524,Jillian Wilson,bmcgee@example.org,Ahmedabad,REGULAR
525,Andrew Dunn,connersylvia@example.net,Ahmedabad,VIP
526,Jordan Clark,xclements@example.org,Mumbai,VIP
527,Sarah Rivera,xmoran@example.net,Kolkata,REGULAR
528,Brent Hopkins,petersonmaria@example.com,Mumbai,VIP
529,Jacqueline Rodriguez,travisunderwood@example.net,Bangalore,VIP
530,Ashley Carr,davidphelps@example.org,Bangalore,VIP
531,Richard Love,shermanbrandon@example.net,Hyderabad,PREMIUM
532,Leah Barton,lellis@example.net,Hyderabad,VIP
533,Jonathan Moreno,tranryan@example.net,Pune,PREMIUM
534,Mr. Thomas Thompson,jessicaanderson@example.com,Pune,REGULAR
535,Lisa Morris,mbarnes@example.net,Bangalore,VIP
536,Denise Stuart,shawn22@example.com,Pune,REGULAR
537,Stacey Hunt,jennifer83@example.org,Pune,VIP
538,Miguel Parks,tinasantos@example.org,Ahmedabad,VIP
539,Melissa Morris,hodgesanna@example.net,Chennai,REGULAR
540,Mary Butler,natalie60@example.net,Ahmedabad,REGULAR
541,James Brown,gonzalezkaren@example.org,Hyderabad,REGULAR
542,Miss Brianna Brown,james80@example.com,Pune,PREMIUM
543,Ashley Parrish,juliahoffman@example.org,Ahmedabad,PREMIUM
544,Rebecca Horton,housepaul@example.net,Mumbai,PREMIUM
545,Juan Smith,james73@example.net,Hyderabad,VIP
546,Maria Fischer,kimberlybrandt@example.com,Bangalore,PREMIUM
547,William Jones,jillwilson@example.org,Kolkata,VIP
548,Justin Anderson,adam72@example.org,Kolkata,PREMIUM
549,Frank Williams,tracy98@example.com,Ahmedabad,VIP
550,Michael Fox,abigailhartman@example.org,Delhi,REGULAR
551,Joshua Davis,nicolealvarado@example.com,Bangalore,PREMIUM
552,Daniel Goodwin,wbarajas@example.net,Chennai,VIP
553,Michael Griffin,susanfleming@example.com,Bangalore,REGULAR
554,Robert Wilson,amber40@example.net,Delhi,PREMIUM
555,Jaime Lang,stucker@example.net,Kolkata,REGULAR
556,Jose Vaughan,teresaayala@example.net,Pune,PREMIUM
557,Austin Santiago,michellecoleman@example.org,Pune,VIP
558,Ronald Johns,elucas@example.net,Delhi,VIP
559,Allison Love,millerbrian@example.com,Hyderabad,REGULAR
560,Laura Perez,rickey76@example.com,Kolkata,PREMIUM
561,James Wilson,maychristine@example.net,Chennai,REGULAR
562,Mercedes Jones,robertsgina@example.net,Ahmedabad,REGULAR
563,Preston Kim,bshort@example.com,Mumbai,VIP
564,Daniel Francis,susan24@example.net,Kolkata,VIP
565,Traci Camacho,susan08@example.net,Chennai,VIP
566,Andrew Armstrong,fmedina@example.com,Pune,PREMIUM
567,Patrick Swanson,robertbrewer@example.net,Bangalore,VIP
568,Clinton Jensen,james29@example.org,Pune,PREMIUM
569,Tara Gamble,enewman@example.com,Delhi,REGULAR
570,Danielle Gonzalez,wlynn@example.org,Hyderabad,VIP
571,Cynthia Mitchell,mcculloughlouis@example.com,Kolkata,VIP
572,Matthew Steele,arianadiaz@example.com,Delhi,VIP
573,Caroline Edwards,jenniferdavidson@example.com,Delhi,VIP
574,Brandy Quinn,wford@example.com,Ahmedabad,REGULAR
575,Mr. Matthew Miller,michele28@example.org,Bangalore,PREMIUM
576,Stephen Jones,mcclainmelissa@example.net,Ahmedabad,REGULAR
577,Kevin Sullivan,rebeccaarnold@example.net,Pune,VIP
578,Kimberly Valdez,michaelwalker@example.net,Bangalore,VIP
579,Donna Marshall,sanderswayne@example.net,Delhi,REGULAR
580,Victor Holden,katherinetaylor@example.org,Chennai,PREMIUM
581,Travis Hopkins,jillwebb@example.com,Bangalore,REGULAR
582,Philip Hall,mike03@example.net,Mumbai,PREMIUM
583,Heather Harrison,ckeith@example.net,Pune,PREMIUM
584,Michael Boyd,mary49@example.net,Chennai,VIP
585,Jamie Gray,blacknicholas@example.org,Bangalore,PREMIUM
586,Heather Parrish,msparks@example.org,Ahmedabad,VIP
587,Brenda Martin,robertsonjuan@example.org,Kolkata,VIP
588,Jack Love,guerrerorobert@example.com,Pune,VIP
589,Karen Mendoza,brittanyholland@example.com,Ahmedabad,VIP
590,Andrew Berry,dennishunt@example.net,Chennai,VIP
591,Christopher Nielsen,kgreene@example.net,Chennai,REGULAR
592,Nathan Stanley,stacey37@example.net,Hyderabad,REGULAR
593,Sharon Jackson DVM,laurahoover@example.org,Delhi,REGULAR
594,Kayla Jackson,sandra99@example.org,Mumbai,PREMIUM
595,James Rodriguez,alexandrablankenship@example.net,Delhi,REGULAR
596,Chase Davis,mvalenzuela@example.org,Delhi,REGULAR
597,Kim Goodwin,olsondavid@example.net,Bangalore,VIP
598,April Pace,xboyd@example.org,Chennai,REGULAR
599,Jessica Mays,yclarke@example.com,Pune,VIP
600,Natalie Juarez,colemanjonathan@example.org,Hyderabad,REGULAR
601,Angela George,ascott@example.net,Delhi,VIP
602,Adrienne Mills,brooksjamie@example.com,Kolkata,VIP
603,Brian Simmons,jose86@example.net,Ahmedabad,VIP
604,Donald Becker,robertbowers@example.com,Delhi,PREMIUM
605,Justin Webb,becky62@example.net,Kolkata,PREMIUM
606,David Logan,craigromero@example.com,Hyderabad,REGULAR
607,Lisa Cohen,martintamara@example.org,Ahmedabad,PREMIUM
608,Samantha Ruiz,qdavis@example.org,Chennai,PREMIUM
609,Lee Ramsey,hmendez@example.com,Pune,VIP
610,Linda Bautista,daniellegonzales@example.org,Pune,PREMIUM
611,Tara Holmes,arthurgreene@example.net,Pune,VIP
612,Lisa Craig,john02@example.org,Pune,REGULAR
613,Penny Gomez MD,aprilmclaughlin@example.org,Delhi,PREMIUM
614,Krista Barber,michael43@example.net,Bangalore,REGULAR
615,Jordan Powell,greenrichard@example.org,Kolkata,VIP
616,Kathy Morgan,prattsue@example.net,Chennai,PREMIUM
617,Laura Benson,xhart@example.org,Pune,REGULAR
618,Tonya Ellis,bmosley@example.com,Ahmedabad,VIP
619,Austin Schultz,ericahall@example.com,Delhi,PREMIUM
620,Harry Nichols,john16@example.net,Kolkata,VIP
621,Gloria Spencer,thomasgomez@example.net,Mumbai,REGULAR
622,Travis Vega,victorgonzalez@example.net,Hyderabad,REGULAR
623,Derek Perez,marykelly@example.org,Ahmedabad,PREMIUM
624,Blake Sosa,waustin@example.net,Bangalore,PREMIUM
625,Sarah Watson,travis94@example.com,Delhi,VIP
626,Phillip Dixon,kwalker@example.org,Kolkata,PREMIUM
627,Robert Mendoza,shawphillip@example.net,Hyderabad,VIP
628,Joyce Martinez,astewart@example.org,Pune,VIP
629,Jamie Garcia,chloe42@example.net,Kolkata,VIP
630,Derrick Mullen,michael76@example.org,Delhi,VIP
631,Paul Diaz,lramirez@example.net,Bangalore,REGULAR
632,Kenneth Perez,lelinda@example.net,Kolkata,PREMIUM
633,James Thomas,thomassmith@example.com,Pune,VIP
634,Dr. Samuel Holmes DDS,jevans@example.net,Chennai,REGULAR
635,Brett Martin,lisawoods@example.net,Kolkata,VIP
636,Patrick Green,ann45@example.org,Hyderabad,REGULAR
637,Gregory Frazier,barbarasantos@example.net,Ahmedabad,VIP
638,Richard Kelly,champton@example.org,Chennai,PREMIUM
639,Dustin Welch,mirandadavidson@example.com,Pune,REGULAR
640,Logan Sullivan,millermatthew@example.com,Delhi,VIP
641,Eddie Adams,cnelson@example.com,Ahmedabad,VIP
642,Kelly Cole,ivanjohnson@example.net,Ahmedabad,REGULAR
643,David Manning,clarkrandy@example.org,Bangalore,PREMIUM
644,Shawn Kelley,wisealexandria@example.org,Hyderabad,VIP
645,Luke Miller,pparker@example.net,Mumbai,VIP
646,Mark Anderson,anthonyalvarado@example.com,Ahmedabad,REGULAR
647,Julie Pitts,amy28@example.org,Kolkata,REGULAR
648,Joyce Curry,omills@example.net,Mumbai,REGULAR
649,Gregory Fernandez,ramosmichael@example.com,Bangalore,REGULAR
650,Adam Mills,invalid@email.com,Kolkata,REGULAR
651,Katherine Campos,albert64@example.net,Mumbai,PREMIUM
652,Adam Brooks,bkhan@example.com,Ahmedabad,VIP
653,Miguel Brewer,fwalker@example.com,Chennai,VIP
654,Kellie Marsh,justin84@example.com,Pune,VIP
655,Barry Taylor,walshchristine@example.com,Kolkata,PREMIUM
656,Katherine Flores,brandonnichols@example.org,Ahmedabad,VIP
657,Diane Martinez,oacosta@example.org,Pune,VIP
658,Johnny Peterson,kristi75@example.com,Delhi,VIP
659,Amanda Miller,brianrowe@example.org,Mumbai,PREMIUM
660,Catherine Huang,lisa01@example.net,Mumbai,PREMIUM
661,Ray Ramos,gonzalezjill@example.org,Mumbai,VIP
662,Vickie Kennedy,sharon20@example.net,Pune,PREMIUM
663,Kelly King,james03@example.org,Delhi,PREMIUM
664,Jeffrey Smith,brenda63@example.org,Kolkata,PREMIUM
665,Lauren Vazquez,nathandavis@example.org,Chennai,PREMIUM
666,Mr. George Booker DDS,browndeanna@example.net,Bangalore,PREMIUM
667,Ashley Freeman,tina57@example.net,Delhi,VIP
668,Michael Howard,johnwilliams@example.net,Mumbai,VIP
669,Edward Terry,ashleystephens@example.com,Delhi,REGULAR
670,Denise Guerra,caseymoore@example.com,Mumbai,REGULAR
671,Kimberly Gibson,bgross@example.net,Mumbai,VIP
672,Patty Allen,barrettamber@example.com,Bangalore,PREMIUM
673,Michael Cannon,chloemorris@example.net,Ahmedabad,REGULAR
674,Brent Hopkins,conleydavid@example.org,Chennai,REGULAR
675,John Garcia,hbarrett@example.net,Chennai,PREMIUM
676,Dawn Diaz,smithsamantha@example.net,Ahmedabad,PREMIUM
677,Steve Miller PhD,wardjulia@example.com,Delhi,PREMIUM
678,Rebecca Brown,allison14@example.org,Hyderabad,REGULAR
679,Toni Davis,amandalopez@example.net,Mumbai,VIP
680,Laura Meza,xreese@example.net,Hyderabad,REGULAR
681,Megan Park,kandrade@example.org,Chennai,REGULAR
682,Kathy Sandoval,umahoney@example.net,Kolkata,PREMIUM
683,Erika Watson PhD,umckenzie@example.net,Delhi,REGULAR
684,Joshua Brooks,invalid@email.com,Pune,PREMIUM
685,Andrew Mitchell,holmesvictoria@example.com,Ahmedabad,REGULAR
686,William Lewis,andrew48@example.net,Ahmedabad,PREMIUM
687,Tammy Moore,stevenseric@example.com,Bangalore,PREMIUM
688,Kevin Hall,christopher69@example.org,Ahmedabad,VIP
689,Misty Mcguire,tracynolan@example.net,Chennai,REGULAR
690,Susan Larson,benjamin96@example.org,Delhi,VIP
691,Tammy Cook,hbutler@example.org,Mumbai,REGULAR
692,Sarah Mcfarland,hbrown@example.org,Kolkata,PREMIUM
693,Karl Murphy,ericnunez@example.com,Bangalore,PREMIUM
694,Nicole Johnston,walkerkeith@example.com,Chennai,REGULAR
695,George Alvarez,kelleyjose@example.com,Mumbai,REGULAR
696,Patricia Anderson,timothygonzalez@example.com,Mumbai,PREMIUM
697,Christina Gilbert,johnadams@example.com,Pune,PREMIUM
698,Thomas Davis,whenderson@example.org,Hyderabad,PREMIUM
699,Kirk Johnson,gary59@example.com,Mumbai,REGULAR
700,Jessica Glass,jamesbrooks@example.net,Ahmedabad,PREMIUM
701,Ashley Brown,mistywilkins@example.org,Delhi,VIP
702,Robert Torres,njohnson@example.net,Delhi,PREMIUM
703,Christina Mills,ana92@example.net,Mumbai,REGULAR
704,Alicia Aguilar,scottbrian@example.org,Ahmedabad,VIP
705,Lisa Brown,jonesdonna@example.net,Pune,PREMIUM
706,Mary Lin,carternicole@example.com,Ahmedabad,VIP
707,James Bray,mckeetodd@example.net,Mumbai,REGULAR
708,Charlotte Mason,tcastro@example.org,Bangalore,VIP
709,Thomas Torres,klong@example.org,Pune,REGULAR
710,Harold Garrett,wendyirwin@example.com,Bangalore,REGULAR
711,Lori Johns,raymondstacy@example.org,Mumbai,VIP
712,Steven Sandoval,blairabigail@example.net,Chennai,PREMIUM
713,Lori Perez,ashleysimmons@example.com,Ahmedabad,REGULAR
714,Erin Daniels,denisecarpenter@example.net,Ahmedabad,REGULAR
715,Shari Parker,russellstout@example.org,Ahmedabad,REGULAR
716,Krystal Moore,grantstacy@example.org,Kolkata,PREMIUM
717,Ryan Thomas,cannonnicole@example.com,Ahmedabad,VIP
718,Elizabeth Reese,edwin31@example.org,Hyderabad,PREMIUM
719,Phillip Salazar,catherine93@example.net,Hyderabad,VIP
720,Michael Howard,manderson@example.com,Bangalore,REGULAR
721,Jacqueline Christian,kwells@example.org,Bangalore,VIP
722,Jason Novak,stephanie33@example.org,Bangalore,PREMIUM
723,Timothy Duke,dwatts@example.org,Kolkata,REGULAR
724,Ricardo Franklin,zcortez@example.net,Kolkata,PREMIUM
725,Laura Herrera,meyershannon@example.org,Kolkata,PREMIUM
726,Danielle Medina,grantzachary@example.net,Kolkata,PREMIUM
727,Cheryl Gonzales,kim47@example.org,Chennai,VIP
728,Louis Brown,stevenlucas@example.org,Bangalore,REGULAR
729,Ashley Osborne,phillipmorris@example.org,Kolkata,VIP
730,Kevin Marquez,nicoledavis@example.com,Mumbai,REGULAR
731,Susan Hogan,davisjasmin@example.net,Delhi,PREMIUM
732,Joseph Cruz,nicholasjames@example.org,Kolkata,VIP
733,Krystal Keller,fernandothomas@example.net,Mumbai,REGULAR
734,Eric Cross,lroberts@example.org,Chennai,PREMIUM
735,Toni Smith,alexander77@example.net,Bangalore,REGULAR
736,Lisa Snyder,briannaalvarez@example.com,Kolkata,VIP
737,Kyle Smith,christine83@example.org,Hyderabad,REGULAR
738,Anthony Bailey,melissaestrada@example.net,Bangalore,VIP
739,Thomas Williams,kchaney@example.net,Hyderabad,REGULAR
740,Matthew Graves,tammycurry@example.com,Kolkata,PREMIUM
741,Anna Evans,priscilla16@example.net,Mumbai,REGULAR
742,John Martinez,mark68@example.org,Delhi,REGULAR
743,Lisa Rodriguez,webbhaley@example.net,Pune,VIP
744,Lee Stewart,sara99@example.com,Pune,REGULAR
745,Lynn Vasquez,nicolehall@example.com,Chennai,VIP
746,April Johnson,mclaughlinjared@example.net,Kolkata,PREMIUM
747,Mrs. Felicia Castro DDS,davidsonhannah@example.com,Chennai,VIP
748,Elizabeth Hunter,katie15@example.com,Ahmedabad,REGULAR
749,Keith Choi,jamesbass@example.net,Kolkata,VIP
750,John Johnson,timothyburton@example.net,Kolkata,PREMIUM
751,Julia Olsen,conleykevin@example.net,Kolkata,REGULAR
752,Kristen Smith,lauren51@example.org,Ahmedabad,REGULAR
753,Andre Terrell,ashleyprice@example.net,Delhi,VIP
754,Richard Parker,jennifer46@example.org,Ahmedabad,REGULAR
755,David Hayes DVM,aliciathompson@example.com,Kolkata,VIP
756,Paula Gentry,zhunter@example.com,Kolkata,REGULAR
757,Brittany Peterson,hoconnor@example.com,Pune,VIP
758,Briana Wiggins,jamiejohnson@example.com,Ahmedabad,PREMIUM
759,Kelly Smith,mcdanielbrooke@example.org,Mumbai,REGULAR
760,Stephen Garcia,andrew43@example.com,Hyderabad,REGULAR
761,Dustin Patel,rlambert@example.org,Mumbai,PREMIUM
762,Brian Mullen,clarkmichael@example.com,Pune,PREMIUM
763,Tony Brock,georgecollins@example.com,Hyderabad,REGULAR
764,Amber Johnson,rodriguezbrian@example.com,Bangalore,VIP
765,Michael Vance,tjensen@example.com,Ahmedabad,REGULAR
766,Michelle Lambert,beltrankatelyn@example.com,Mumbai,PREMIUM
767,Anna Lang,tdavis@example.net,Pune,PREMIUM
768,Pamela Ruiz,douglashuang@example.com,Pune,PREMIUM
769,Jenna Lyons,kristina57@example.com,Ahmedabad,PREMIUM
770,John Bell,ssingleton@example.com,Ahmedabad,PREMIUM
771,Bethany Garcia,nguyendebra@example.com,Pune,PREMIUM
772,Jennifer Gutierrez,amydickson@example.com,Mumbai,VIP
773,Daniel Benson,bmueller@example.net,Delhi,VIP
774,Kimberly Young,stevensonjennifer@example.com,Kolkata,PREMIUM
775,Kyle Nguyen,shortgregory@example.com,Pune,REGULAR
776,Brian Cervantes,pmurphy@example.net,Mumbai,PREMIUM
777,Daniel Taylor,shermandonna@example.com,Pune,PREMIUM
778,Jean Lane,jamierich@example.com,Ahmedabad,VIP
779,Susan Torres,wrobbins@example.org,Ahmedabad,PREMIUM
780,Lisa Dixon,melissabrown@example.net,Pune,REGULAR
781,April Castro,daniel40@example.org,Ahmedabad,REGULAR
782,Kevin Garrett,bsullivan@example.net,Hyderabad,VIP
783,Christopher Taylor,xbridges@example.com,Bangalore,VIP
784,Zachary Santiago,alexanderwong@example.org,Hyderabad,PREMIUM
785,Katelyn Kim,christophermay@example.com,Mumbai,REGULAR
786,Stephanie Dominguez,dhanson@example.net,Hyderabad,REGULAR
787,Robert Cruz,jacobjacobs@example.net,Pune,REGULAR
788,Dr. Michael Adams DVM,arthur09@example.com,Ahmedabad,VIP
789,Ashley Olson,thomasjessica@example.com,Hyderabad,VIP
790,Blake Wu,sanchezcrystal@example.net,Hyderabad,REGULAR
791,Angela Schultz,chloe58@example.org,Delhi,VIP
792,Jose Harrison,robert44@example.org,Hyderabad,VIP
793,Thomas Curry,bryan79@example.org,Kolkata,REGULAR
794,Mary Carter,mitchellchristopher@example.net,Bangalore,VIP
795,Richard King,joshua40@example.net,Mumbai,VIP
796,Christopher Vargas,donnawood@example.org,Pune,PREMIUM
797,Michael Washington,cooperchristopher@example.org,Bangalore,PREMIUM
798,Samantha Monroe,ptownsend@example.net,Ahmedabad,VIP
799,Mark Clark,brian41@example.org,Mumbai,PREMIUM
800,James Turner,noahthornton@example.com,Bangalore,VIP
